id,source_id,sku,name,slug,brand_id,product_type_id,original_url,source_active,content_hash,first_seen_at,last_seen_at,description
036200ee-465a-479d-8367-bf28b039316c,img:vyr-26,VYR-26,VYR-26,vyr-26,215bba8e-a979-4655-a510-a3b40112eb80,8d40dab7-5976-47eb-a23b-484f9786ed05,https://surerain.com/catalogo?producto=vyr-26,1,9f60c9adec9bc21ac13038e60746bb5b99141ef6b6756b640e8c1d4ae6486ad4,2026-08-13T22:03:21.631Z,2026-08-13T22:15:34.706Z,CARACTERÍSTICAS: • Fabricado en plástico Delrin. • Rosca 1/2″ macho. • Circular. • Eje y muelles en acero inoxidable. • Boquilla de bayoneta en diferentes colores.
cb5357b3-46be-4512-9fe2-6730ea936b5f,img:vyr-80-circular,VYR-80,VYR-80 Circular,vyr-80-circular,215bba8e-a979-4655-a510-a3b40112eb80,8d40dab7-5976-47eb-a23b-484f9786ed05,https://surerain.com/catalogo?producto=vyr-80-circular,1,cb3a79db3f180399fb67488c46b70120d2c7bf84938a06d4c9d1e0fe4b136f1e,2026-08-13T22:03:34.454Z,2026-08-13T22:15:34.706Z,CARACTERÍSTICAS: – Conexión macho de 1/2″. – Fabricado en latón y acero inoxidable. – Placa deflectora regulable. – Tornillo difusor rompechorro regulable. – Circular.
cd5d1f57-9826-452c-bc5d-08305fc65cca,img:vyr-80-sectorizable,VYR-80,VYR-80 Sectorizable,vyr-80-sectorizable,215bba8e-a979-4655-a510-a3b40112eb80,8d40dab7-5976-47eb-a23b-484f9786ed05,https://surerain.com/catalogo?producto=vyr-80-sectorizable,1,32a58b20c8b404ec48669534b17ff6a916a668f70e0b579e6b7659f18c37f6e8,2026-08-13T22:03:34.454Z,2026-08-13T22:15:34.706Z,CARACTERÍSTICAS : – Conexión macho de 1/2″. – Fabricado en latón y acero inoxidable. – Placa deflectora regulable. – Tornillo difusor regulable. – Sectorizable.
fd667e47-45bc-4c77-9b15-d8c4c8afdb5e,img:vyr-37,VYR-37,VYR-37,vyr-37,215bba8e-a979-4655-a510-a3b40112eb80,8d40dab7-5976-47eb-a23b-484f9786ed05,https://surerain.com/catalogo?producto=vyr-37,1,363b45f313fcaffaa988c0784b1a9d1292952fcf8a929cf39927d0a3e6bffa6f,2026-08-13T22:03:34.454Z,2026-08-13T22:15:34.706Z,Características generales: • Aspersor de impacto agrícola de medio caudal. • Conexión macho de 3/4”. • Boquillas de bayoneta “clik” con código de colores.
33ae48b4-5383-4fd5-9e8e-a334205460d6,img:vyr-802,VYR-802,VYR-802,vyr-802,215bba8e-a979-4655-a510-a3b40112eb80,8d40dab7-5976-47eb-a23b-484f9786ed05,https://surerain.com/catalogo?producto=vyr-802,1,a43e9bead60e6e2c28adb178d31d5d3b29e8b43b8f916d1ea451b5510b710db6,2026-08-13T22:03:34.454Z,2026-08-13T22:15:34.706Z,CARACTERÍSTICAS: • Fabricado en plástico delrin. • Rosca 1/2” macho. • Sectorizable. • Brazo antisalpicadura. • Deflector regulable. • Tornillo difusor.
50ff6703-92c1-475f-a6c6-571b315b4200,img:vyr-56,VYR-56,VYR-56,vyr-56,215bba8e-a979-4655-a510-a3b40112eb80,8d40dab7-5976-47eb-a23b-484f9786ed05,https://surerain.com/catalogo?producto=vyr-56,1,7c92d4ff0af9a7b78c9237e2efbb06305f967030fab4c2477d8e430fef6c18e5,2026-08-13T22:03:34.454Z,2026-08-13T22:15:34.706Z,CARACTERÍSTICAS: – Fabricado en plástico delrin. – 3/4” conexión macho. – Circular. – Muelles y eje de acero inox. – Toberas de latón.
4b465a2f-432d-4265-9e82-afb7e6bef814,img:vyr-66,VYR-66,VYR-66,vyr-66,215bba8e-a979-4655-a510-a3b40112eb80,8d40dab7-5976-47eb-a23b-484f9786ed05,https://surerain.com/catalogo?producto=vyr-66,1,ec24bf77f609ab12a46a1aa72f755b7554f626c0cabb6fd6c9d1a17484f81402,2026-08-13T22:03:34.454Z,2026-08-13T22:15:34.706Z,CARACTERÍSTICAS: – Fabricado en plástico delrin. – Conexión 3/4” rosca macho. – Giro completo o por sectores. – Muelles de acero inoxidable. – Toberas y contrapesos de latón. – Se suministra con o sin tornillo difusor.
9b426b5e-80d3-40e3-9384-20995d191a0c,img:vyr-23,VYR-23,VYR-23,vyr-23,215bba8e-a979-4655-a510-a3b40112eb80,8d40dab7-5976-47eb-a23b-484f9786ed05,https://surerain.com/catalogo?producto=vyr-23,1,b7b80d98d273a0fb7bfc2ce000bfb9aa088d1e6ae873a84e15677c3f3589b996,2026-08-13T22:03:34.454Z,2026-08-13T22:15:34.706Z,CARACTERÍSTICAS: – Anti-helada – Angulo bajo – Fabricado en latón – Círculo completo – Eje y muelles de acero inoxidable – También recomendado para pivots – Rosca hembra de ¾”
f8754655-ff61-4e3c-ba7b-2cd149e1f1ed,img:vyr-33-plastico,VYR-33,VYR-33 PLÁSTICO,vyr-33-plastico,215bba8e-a979-4655-a510-a3b40112eb80,8d40dab7-5976-47eb-a23b-484f9786ed05,https://surerain.com/catalogo?producto=vyr-33-plastico,1,37292afcdb7a0381518617658d177d2b015483c1aa17559568a54af047009b17,2026-08-13T22:03:34.454Z,2026-08-13T22:15:34.706Z,CARACTERÍSTICAS: – Anti-helada – Fabricado en plástico y acero inoxidable – Círculo completo – Eje y muelles de acero inoxidable – Rosca macho de ¾»
faf9ea24-77f5-40eb-b88a-b6c964ed32c7,img:vyr-33,VYR-33,VYR-33,vyr-33,215bba8e-a979-4655-a510-a3b40112eb80,8d40dab7-5976-47eb-a23b-484f9786ed05,https://surerain.com/catalogo?producto=vyr-33,1,4dfc61f859612ce0441ae986286023b6e68b722223c0939d4caa04c6f9304cc9,2026-08-13T22:03:34.454Z,2026-08-13T22:15:34.706Z,CARACTERÍSTICAS: – Anti-helada – Fabricado en latón – Círculo completo – Eje y muelles de acero inoxidable – Rosca hembra de ¾”
a03a2cdd-500d-44a9-a0c3-f996cc01b7a7,img:vyr-60,VYR-60,VYR-60,vyr-60,215bba8e-a979-4655-a510-a3b40112eb80,8d40dab7-5976-47eb-a23b-484f9786ed05,https://surerain.com/catalogo?producto=vyr-60,1,91131dd6fd1fb00aaedf5c962eeb00a6a3fb92b824a43957edec9dc39c9d3213,2026-08-13T22:03:34.454Z,2026-08-13T22:15:34.706Z,CARACTERÍSTICAS: – Círculo completo o por sectores. – Conexión macho 3/4”. – Arandelas reguladoras del sector de cobertura. – Fabricado en latón. – Eje y muelles de acero inoxidable.
26dde3a6-58a5-45b3-8d57-66247dab18e9,img:vyr-86,VYR-86,VYR-86,vyr-86,215bba8e-a979-4655-a510-a3b40112eb80,8d40dab7-5976-47eb-a23b-484f9786ed05,https://surerain.com/catalogo?producto=vyr-86,1,2293ebcc5a01cb191b6cea966a9afec89482ff7e8060aa6a5e4c69554f487668,2026-08-13T22:03:34.454Z,2026-08-13T22:15:34.706Z,CARACTERÍSTICAS: – Fabricado en plástico delrin. – 1” conexión hembra. – Circular. – Muelles y eje de acero inox. – Toberas de latón
34032742-afbb-4bf6-b8c9-b81665d5b59c,img:vyr-166,VYR-166,VYR-166,vyr-166,215bba8e-a979-4655-a510-a3b40112eb80,8d40dab7-5976-47eb-a23b-484f9786ed05,https://surerain.com/catalogo?producto=vyr-166,1,95a79efa56fa941a30a67d184600a2a45811f35be9e4a4a2a3748fbffb737e44,2026-08-13T22:03:34.454Z,2026-08-13T22:15:34.706Z,CARACTERÍSTICAS: – Fabricado en plástico – Rosca hembra de 1” – Giro completo o por sectores – Eje y muelle de acero inoxidable – Toberas de latón
aeaf8aa3-62ab-48c9-9615-aa8fe62b7536,img:vyr-70-v,VYR-70,VYR-70,vyr-70,215bba8e-a979-4655-a510-a3b40112eb80,8d40dab7-5976-47eb-a23b-484f9786ed05,https://surerain.com/catalogo?producto=vyr-70,1,a95b29cd4d2ccabd17904e565173f0f87cb0fa64efd1db8a07fb597c0dbd936a,2026-08-13T22:03:34.454Z,2026-08-13T22:15:34.706Z,CARACTERÍSTICAS : – Fabricado en latón. – Circular. – Rosca 1″ hembra. – Muelles y eje de acero inox.
536ad50f-e21c-45f1-86d5-f009753438f8,img:vyr-65,VYR-65,VYR-65,vyr-65,215bba8e-a979-4655-a510-a3b40112eb80,8d40dab7-5976-47eb-a23b-484f9786ed05,https://surerain.com/catalogo?producto=vyr-65,1,48d72fa55b9d73766cf7381e37260f8c1454c37afa0545a4ff9983ab18ea0471,2026-08-13T22:03:34.454Z,2026-08-13T22:15:34.706Z,CARACTERÍSTICAS: – Fabricado en latón. – Sectorizable. – Rosca 1″ macho – Arandela reguladora del sector de cobertura. – Dos toberas. – Tornillo difusor opcional.
986b6da3-09c5-4eed-8c6e-72942444e7ad,img:vyr-155,VYR-155,VYR-155,vyr-155,215bba8e-a979-4655-a510-a3b40112eb80,8d40dab7-5976-47eb-a23b-484f9786ed05,https://surerain.com/catalogo?producto=vyr-155,1,41f3e9d74716d9588fef6f6b352962b64441f19405a9d2fd8a69a8096f0bf544,2026-08-13T22:03:34.454Z,2026-08-13T22:15:34.706Z,CARACTERÍSTICAS: – Fabricado en latón. – Muelle y eje de acero inox. – Tres boquillas de riego. – Conexión macho 1 1/4”. – Círculo completo. – Gran diámetro de cobertura.
364be31c-1d3f-4596-9c6f-0891bc7ecc86,img:vyr-150,VYR-150,VYR-150,vyr-150,215bba8e-a979-4655-a510-a3b40112eb80,8d40dab7-5976-47eb-a23b-484f9786ed05,https://surerain.com/catalogo?producto=vyr-150,1,000a2ef0b45ebd874c0118bf5a8e1588b96a11dde85bf96af70b88f24ed86f5e,2026-08-13T22:03:34.454Z,2026-08-13T22:15:34.706Z,CARACTERÍSTICAS: – Fabricado en latón. – Muelles y ejes de acero inoxidable. – Dos boquillas de riego. – Conexión macho 1 1/4”. – Círculo completo o sectorial.
901534c0-dc68-48d9-9a1a-7b4d186af069,img:assr-8427,ZM-8427,ZM 8427,zm-8427,ada680ba-9c5e-4b51-9441-bef501040fd1,8d40dab7-5976-47eb-a23b-484f9786ed05,https://surerain.com/catalogo?producto=zm-8427,1,b12822196b52d540dd64b639ab9ef8b231db2cf250c21e19800fd48ff7f047d4,2026-08-13T22:03:34.454Z,2026-08-13T22:15:34.706Z,Aspersor de impacto ASSR 8427 Características: – Aspersores de impacto de plástico sectorizable – Conexión de ½” rosca macho – Trayectoria del ángulo: 25° – Fabricado con plástico de alta resistencia – Deflector regulable – Tornillo difusor ajustable – Resorte de accionamiento en  acero inoxidable –…
53712a77-5a63-4bab-b594-272206d7c1b7,img:assr-8022,ZM-8022,ZM 8022,zm-8022,ada680ba-9c5e-4b51-9441-bef501040fd1,8d40dab7-5976-47eb-a23b-484f9786ed05,https://surerain.com/catalogo?producto=zm-8022,1,d3cea3423d97740d4446616cf15cdc4c2a5a1217089e939040c4be61eb9a59e2,2026-08-13T22:03:34.454Z,2026-08-13T22:15:34.706Z,"Aspersor de impacto ASSR 8022 Características: – Aspersores de impacto de plástico circular – Conexión de ½”  rosca macho – Trayectoria del ángulo: 25° y 25° – Fabricad en plástico Delrin – Diseño con dos boquillas,  proporciona una  uniformidad excepcional – Boquillas codificadas (colores), de limpieza fácil y rápida, incluso mientras este funcionamiento."
b76208b8-6cef-4893-a523-1a41c1b04f82,img:pl-3100,PL-3100,PL-3100,pl-3100,ada680ba-9c5e-4b51-9441-bef501040fd1,8d40dab7-5976-47eb-a23b-484f9786ed05,https://surerain.com/catalogo?producto=pl-3100,1,542c44a98c06c1e1c6a8b79d5de52e5c9ee695a0b9a75e1cb759a9f046d33a1d,2026-08-13T22:03:34.454Z,2026-08-13T22:15:34.706Z,"CARACTERÍSTICAS: – Aspersor plástico – 1/2″ rosca macho – sectorizable – alcance ajustable – caudal: 613-1067 l/h – presión:1-3,5 kg/cm2 – radio: 8,8 – 12,4 m"
ae8b0da5-68c7-49ff-888f-986fcf143056,img:aspersor-oscilante-de-angulo-ajustable,,Aspersor oscilante de ángulo ajustable,aspersor-oscilante-de-angulo-ajustable,e61d87b4-93df-4d0c-afed-89835b844de1,a5e61644-6194-4d89-b063-bd2f96910f4f,https://surerain.com/catalogo?producto=aspersor-oscilante-de-angulo-ajustable,1,82ad53c74924ed9d3e94089bdf78ece213eaa8f43fd5a45ad2519c3992027fc0,2026-08-13T22:03:34.454Z,2026-08-13T22:15:34.706Z,"CARACTERÍSTICAS: La boquilla está fabricada con plásticos de ingeniería de alta resistencia o materiales metálicos, con un diseño estructural razonable, excelente rendimiento hidráulico, funcionamiento estable, alta uniformidad de pulverización, diámetro de gota pequeño y buena atomización."
6893247a-7858-468c-8c3e-27bcdeca57e2,img:boquilla-ajustable-rosca-hembra,,Boquilla Ajustable (rosca hembra),boquilla-ajustable-rosca-hembra,e2b2a28c-4579-4f51-abf9-a03763736a76,a52bc67c-48fe-48c2-9a7c-92ec396400cc,https://surerain.com/catalogo?producto=boquilla-ajustable-rosca-hembra,1,91c1b63e7cf424107cc31c584b40b1b9f4fb4cbe03d90c7651f96757c5991b55,2026-08-13T22:03:34.454Z,2026-08-13T22:15:34.706Z,
0fe55a39-fd26-4631-9626-1c6e85441f09,img:boquilla-ajustable-rosca-macho,,Boquilla Ajustable (rosca macho),boquilla-ajustable-rosca-macho,e2b2a28c-4579-4f51-abf9-a03763736a76,a52bc67c-48fe-48c2-9a7c-92ec396400cc,https://surerain.com/catalogo?producto=boquilla-ajustable-rosca-macho,1,87e58becb425a5f6d5128203f5ecd74ded5858c2577c20466c39cd11e15bf9b8,2026-08-13T22:03:34.454Z,2026-08-13T22:15:34.706Z,
514ed5a4-da8c-48c1-b180-70e04f7ae704,img:assr-8028,ZM-8028,ZM 8028,zm-8028,ada680ba-9c5e-4b51-9441-bef501040fd1,8d40dab7-5976-47eb-a23b-484f9786ed05,https://surerain.com/catalogo?producto=zm-8028,1,3ecd1afd08b91708a3d4f267fa21591c76c2516029e5c6c05d5e1a2082d9750c,2026-08-13T22:03:34.454Z,2026-08-13T22:15:34.706Z,Aspersor de impacto ASSR 8028 Características: – Aspersores de impacto de metálico sectorizable – Conexión de ½” rosca macho – Trayectoria del ángulo: 25° – Resorte de accionamiento en acero inoxidable – Cojinete resistente  a productos químicos – Deflector  del chorro regulable – Cuerpo de fundició…
d0f973be-4d6b-44e1-a269-6f8a3b189432,img:assr-8035,ZM-8035,ZM 8035,zm-8035,ada680ba-9c5e-4b51-9441-bef501040fd1,8d40dab7-5976-47eb-a23b-484f9786ed05,https://surerain.com/catalogo?producto=zm-8035,1,92d7348c6ae95a7ffdbc738eee147729e089bd7689e4b04848f4cd11dc83de8e,2026-08-13T22:03:34.454Z,2026-08-13T22:15:34.706Z,"Aspersor de impacto ASSR 8035 Características: – Aspersores de impacto de plástico circular – Conexión de 3/4” rosca macho – Trayectoria del ángulo: 25° y 25° – Fabricado en plástico Delrin plástico de alta resistencia – Diseño con dos boquillas,  proporciona una uniformidad excepcional – Piezas de …"
1671c90a-46d3-4107-814d-d7034bf1e988,img:assr-8035-sec,ZM-8035,ZM 8035 SEC,zm-8035-sec,ada680ba-9c5e-4b51-9441-bef501040fd1,8d40dab7-5976-47eb-a23b-484f9786ed05,https://surerain.com/catalogo?producto=zm-8035-sec,1,8710f3f8d433f57dc6e3081042c7d662fbe6596ab5860ecfb2fddcb1cb6a8330,2026-08-13T22:03:34.454Z,2026-08-13T22:15:34.706Z,CARACTERÍSTICAS: – Aspersores de impacto de plástico sectorizado – Conexión de 3/4” rosca macho – Trayectoria del ángulo: 25° – Fabricado en plástico Delrin plástico de alta resistencia – Piezas de acero inoxidable – Boquillas disponibles en plástico – Capuchón de protección contra el polvo del reso…
419fc01f-02c4-49ad-b53e-2fb12eb065a6,img:assr-8044,ZM-8044,ZM 8044,zm-8044,ada680ba-9c5e-4b51-9441-bef501040fd1,8d40dab7-5976-47eb-a23b-484f9786ed05,https://surerain.com/catalogo?producto=zm-8044,1,9b565bc6e6a0f8634eea1dd3f2f581b550a4fbb42c6eb671bd7815fd34365308,2026-08-13T22:03:34.454Z,2026-08-13T22:15:34.706Z,"Aspersor de impacto ASSR 8044 Características: – Aspersores de impacto de plástico circulo completo – Conexión de 3/4” rosca macho – Trayectoria del ángulo: 25° y 25° – Fabricado en plástico Delrin – Resorte de accionamiento en acero inoxidable – Diseño con dos boquillas,  proporciona una uniformida…"
0a8e82e4-f1af-4acc-8fdc-8f9c5a570505,img:assr-8046,ZM-8046,ZM 8046,zm-8046,ada680ba-9c5e-4b51-9441-bef501040fd1,8d40dab7-5976-47eb-a23b-484f9786ed05,https://surerain.com/catalogo?producto=zm-8046,1,607c203e58da5a0f90100e9830b9f48fa2b5b928527d599f2f532b2070885625,2026-08-13T22:03:34.454Z,2026-08-13T22:15:34.706Z,"CARACTERÍSTICAS: – Conexión de 3/4” rosca macho – Trayectoria del ángulo: 25°y 25° – Fabricado en plástico Delrin plástico de alta resistencia – Piezas de acero inoxidable – Boquillas disponibles en bronce Rango de Operación: – Caudal: 0,62–3,36 m3/h – Radio: 13,4-14,4 m – Presión: 2,5- 5,5 bar"
4318c57b-b91f-4715-8ddc-90a1862f60f4,img:assr-8036,ZM-8036,ZM 8036,zm-8036,ada680ba-9c5e-4b51-9441-bef501040fd1,8d40dab7-5976-47eb-a23b-484f9786ed05,https://surerain.com/catalogo?producto=zm-8036,1,91fe2cfbc99fdca847697dc01c8a25f09ddb8d90051978ad46f691da770c245d,2026-08-13T22:03:34.454Z,2026-08-13T22:15:34.706Z,"Aspersor de impacto ASSR 8036 Características: – Aspersores de impacto de plástico sectorizable – Conexión de 3/4” rosca macho – Trayectoria del ángulo: 30° y 11° – Fabricado en plástico Delrin – Piezas de acero inoxidable – Disponible con  o sin tornillo difusor Rango de Operación: – Caudal: 0,94–2…"
605deecd-73dc-4728-8ac6-9fbe1f22f844,img:assr-8041,ZM-8041,ZM 8041,zm-8041,ada680ba-9c5e-4b51-9441-bef501040fd1,8d40dab7-5976-47eb-a23b-484f9786ed05,https://surerain.com/catalogo?producto=zm-8041,1,f0a785bed561c4e59eb2cea1420c83f18293357e271f8f65bc8fc89c925e5d4f,2026-08-13T22:03:34.454Z,2026-08-13T22:15:34.706Z,Aspersor de impacto ASSR 8041 Características: – Aspersores de impacto de metálico sectorizable – Conexión de ¾ ” rosca macho – Trayectoria del ángulo: 25° y 12° – Amplia gama de boquillas  para el uso de variados caudales y radios – Doble boquillas – Cojinete resistente  a productos químicos – Reso…
0a9ffc74-c747-4cf9-a26e-a82b70adcf36,img:assr-8019,ZM-8019,ZM 8019,zm-8019,ada680ba-9c5e-4b51-9441-bef501040fd1,8d40dab7-5976-47eb-a23b-484f9786ed05,https://surerain.com/catalogo?producto=zm-8019,1,c5fa46814739ecd7a95f75f5ca94c279ca877035ea24d1ab082f8108548c7a04,2026-08-13T22:03:34.454Z,2026-08-13T22:15:34.706Z,"Aspersor de impacto ASSR 8019 Características: – Aspersores de impacto de metálico sectorizable – Conexión de 1”  rosca hembra – Fabricado en latón, aluminio, plástico y acero inoxidable – Boquillas intercambiables  y con tornillo regulador de chorro Rango de Operación: – Caudal: 1.2– 3.6m3/h – Radio: 12 – 17 m – Presión: 1.50 – 4.0 bar"
44ca0708-02ac-4ec1-8fd1-14ecad4fc2e7,img:assr-8021-antihelada,ZM-8021,ZM 8021 (Antihelada),zm-8021-antihelada,ada680ba-9c5e-4b51-9441-bef501040fd1,8d40dab7-5976-47eb-a23b-484f9786ed05,https://surerain.com/catalogo?producto=zm-8021-antihelada,1,990cd747cfc9f46ee516dc31b7f9d093e029f409644ecf3648ae8e25a9a55351,2026-08-13T22:03:34.454Z,2026-08-13T22:15:34.706Z,Aspersor de impacto antihelada ASSR 8021 Características_ – Aspersores de impacto de metálico circulo completo – Conexión de ¾  rosca macho o hembra – Trayectoria del ángulo: 25°  y 23° – Cuerpo de aspersor latón – Piezas en acero inoxidable – Capuchón de protección contra el polvo y heladas del res…
8c6c2331-55ae-4189-bbc4-2b908cb221fa,img:r25,R25,R25,r25,c255019b-bc23-44f9-9128-c847ec8c8076,8d40dab7-5976-47eb-a23b-484f9786ed05,https://surerain.com/catalogo?producto=r25,1,939253055c1b0ac0e8aa376a43144d3d72da5d3ee615a2ee0468613f9ac8c86f,2026-08-13T22:03:34.454Z,2026-08-13T22:15:34.706Z,CARACTERÍSTICAS: – Círculo completo – 1 1/2″ rosca hembra – Doble boquilla  (12-14-16mm)
47123f96-4fd9-4598-95a7-b2c0e7f946b1,img:r25-s,R25,R25 S,r25-s,c255019b-bc23-44f9-9128-c847ec8c8076,8d40dab7-5976-47eb-a23b-484f9786ed05,https://surerain.com/catalogo?producto=r25-s,1,6b680fc5729a67fc995a85c49b1f69307b9b89a9e2198db4c0aff01447f0176a,2026-08-13T22:03:34.454Z,2026-08-13T22:15:34.706Z,CARACTERÍSTICAS: – Círculo completo o parcial – 1 1/2″ rosca hembra – Doble boquilla  (12-14-16mm)
59f8f917-1264-470c-9231-6fdea7d6000d,img:r15,R15,R15,r15,c255019b-bc23-44f9-9128-c847ec8c8076,8d40dab7-5976-47eb-a23b-484f9786ed05,https://surerain.com/catalogo?producto=r15,1,bcb1a5bf02ce9fdd0c8517d91b484aa01c2afb9883bd2599b3e21aef7086ebf8,2026-08-13T22:03:34.454Z,2026-08-13T22:15:34.706Z,CARACTERÍSTICAS: – Círculo completo – 1 1/4″ rosca hembra – Boquilla simple: (8-10-12mm)
c225dc76-1cb3-4fa6-b828-6d34bfe4127a,img:r15-s,R15,R15 S,r15-s,c255019b-bc23-44f9-9128-c847ec8c8076,8d40dab7-5976-47eb-a23b-484f9786ed05,https://surerain.com/catalogo?producto=r15-s,1,e1fed991fb0f5fe837aac9ab0ecf5195c4ac881d9b713f0f76736a9f3532c533,2026-08-13T22:03:34.454Z,2026-08-13T22:15:34.706Z,CARACTERÍSTICAS: – Círculo completo o parcial – 1 1/4″ rosca hembra – Boquilla simple: (8-10-12mm)
58b08bb3-2123-495d-a64c-cdd4ccf55ca5,img:valvula-antidrenaje-sport-plus-superrps75,RPS75,"Válvula antidrenaje (Pro Sport, Pro Plus, Superpro, RPS75)",valvula-antidrenaje-pro-sport-pro-plus-superpro-rps75,e2b2a28c-4579-4f51-abf9-a03763736a76,a52bc67c-48fe-48c2-9a7c-92ec396400cc,https://surerain.com/catalogo?producto=valvula-antidrenaje-pro-sport-pro-plus-superpro-rps75,1,3e18a7aa34b6abf7ce075baf2a3d4b46d5737f63bc102dab3aed49e961b67fe2,2026-08-13T22:03:34.454Z,2026-08-13T22:15:34.706Z,ASKA00000054325 Valvula antidrenaje para Pro Sport ASKA00000051210 Valvula antidrenaje para Pro Plus y Superpro. ASKA00P16009116 Valvula antidrenaje para RPS75 y RPS75 Select.
d6282652-6f85-4205-8f03-f8cc6ff00dd0,img:rps-select,,RPS SELECT,rps-select,e2b2a28c-4579-4f51-abf9-a03763736a76,a52bc67c-48fe-48c2-9a7c-92ec396400cc,https://surerain.com/catalogo?producto=rps-select,1,f29561fc896fdb06f478ad87d3bcdf8ed850ad1c6853d78053699f781bb03dbc,2026-08-13T22:03:34.454Z,2026-08-13T22:15:34.706Z,"CARACTERÍSTICAS: – Cuatro boquillas seleccionables incorporadas: Para que coincida los diferentes ajustes de arco, las boquillas # 1 al # 4 concuerdan con los arcos ajustables de 90° a 360° – Arco ajustable (40°-360°): Todos los ajustes se realizan desde la parte superior – húmedo o seco, no se nece…"
80845cfc-f13c-4658-be46-e1cb8d1f355b,img:tobera-emergente-2-pulg-nps,,Tobera Emergente 2 Pulg. (NPS),tobera-emergente-2-pulg-nps,e2b2a28c-4579-4f51-abf9-a03763736a76,a52bc67c-48fe-48c2-9a7c-92ec396400cc,https://surerain.com/catalogo?producto=tobera-emergente-2-pulg-nps,1,eaeb712f9a821fde980ef6e30bbecb3fc9ef77445201ed21ba0b34870085a6ad,2026-08-13T22:03:34.454Z,2026-08-13T22:15:34.706Z,"NPS – Disponible en modelos de 2″ (5 cm) y 4″ (10 cm). – Esta tobera es compatible con boquillas rosca hembra ESPECIFICACIONES TÉCNICAS: – Presión de trabajo: – 1,37 a 3,45 bares."
f7ebf2eb-de88-47ec-aac1-35cbf3b6cf04,img:tobera-emergente-4-pulg-nps,,Tobera Emergente 4 Pulg. (NPS),tobera-emergente-4-pulg-nps,e2b2a28c-4579-4f51-abf9-a03763736a76,a52bc67c-48fe-48c2-9a7c-92ec396400cc,https://surerain.com/catalogo?producto=tobera-emergente-4-pulg-nps,1,19e4a9cfd68b3feac68136c407e53de8f94bb81c3da0f4ac053878e3ff5b4b8a,2026-08-13T22:03:34.454Z,2026-08-13T22:15:34.706Z,"NPS – Disponible en modelos de 2″ (5 cm) y 4″ (10 cm). – Esta tobera es compatible con boquillas rosca hembra ESPECIFICACIONES TÉCNICAS: – Presión de trabajo: – 1,37 a 3,45 bares."
0f2a0218-7967-410a-9c40-1bbc107ee896,img:tobera-emergente-pro-s-12,,Tobera Emergente 12” (PRO S),tobera-emergente-12-pro-s,e2b2a28c-4579-4f51-abf9-a03763736a76,a52bc67c-48fe-48c2-9a7c-92ec396400cc,https://surerain.com/catalogo?producto=tobera-emergente-12-pro-s,1,f5c5937f1b31d8e9f321bd90b4fccb2340d3997a87fe70ad5740e6a7f3637c24,2026-08-13T22:03:34.454Z,2026-08-13T22:15:34.706Z,Tobera Emergente 12” (PRO S) -Disponible en modelo de 12” (30cm). -Válvula anti drenaje opcional. -Tobera compatible con boquillas rosca hembra estándar.
568438b9-d450-43e1-b99f-52f080ed41b9,img:tobera-emergente-4-pulg-pro-s,,Tobera Emergente 4 pulg. (PRO S),tobera-emergente-4-pulg-pro-s,e2b2a28c-4579-4f51-abf9-a03763736a76,a52bc67c-48fe-48c2-9a7c-92ec396400cc,https://surerain.com/catalogo?producto=tobera-emergente-4-pulg-pro-s,1,17001b4294a5ca0990a2859421daa52ac9fefa0ae0e61f401c876bbcaa6095c9,2026-08-13T22:03:34.454Z,2026-08-13T22:15:34.706Z,PRO S -Disponible en modelo de 4” (10cm). -Válvula anti drenaje opcional. -Tobera compatible con boquillas rosca hembra estándar.
0e82ea2b-b619-416f-acbc-929cf1c8e4d8,img:tobera-emergente-3-pulg-spray,,Tobera Emergente 3 Pulg. (SPRAY),tobera-emergente-3-pulg-spray,e2b2a28c-4579-4f51-abf9-a03763736a76,a52bc67c-48fe-48c2-9a7c-92ec396400cc,https://surerain.com/catalogo?producto=tobera-emergente-3-pulg-spray,1,ab745932a1c4545c351200f564ef88e7f5630ef05e0f67a2e1ff8eb9cb820e94,2026-08-13T22:03:34.454Z,2026-08-13T22:15:34.706Z,SPRAY – Disponible en modelos de 3″ (7.5cm) y 4″ ( 10 cm ). – Válvula antidrenaje opcional. – Esta tobera es compatible con boquillas rosca macho.
b410017c-e08a-4431-ac80-2097b6578fc3,img:tobera-emergente-4-pulg-spray,,Tobera Emergente 4 Pulg. (SPRAY),tobera-emergente-4-pulg-spray,e2b2a28c-4579-4f51-abf9-a03763736a76,a52bc67c-48fe-48c2-9a7c-92ec396400cc,https://surerain.com/catalogo?producto=tobera-emergente-4-pulg-spray,1,9e072008f75ca2f78d62c8787a1ebd6c887b853a49885dae3341a9ceedacfb0e,2026-08-13T22:03:34.454Z,2026-08-13T22:15:34.706Z,SPRAY – Disponible en modelos de 3″ (7.5cm) y 4″ ( 10 cm ). – Válvula antidrenaje opcional. – Esta tobera es compatible con boquillas rosca macho.
09baf567-1a56-454b-aad7-a5aa3bdc316e,img:valvula-antidrenaje-toberas-spray,,Valvula antidrenaje (Toberas SPRAY),valvula-antidrenaje-toberas-spray,e2b2a28c-4579-4f51-abf9-a03763736a76,a52bc67c-48fe-48c2-9a7c-92ec396400cc,https://surerain.com/catalogo?producto=valvula-antidrenaje-toberas-spray,1,b1419f246bc79e864a8f32e0230b197edc8bdcde6f7a8c06967752028d6a1a49,2026-08-13T22:03:34.454Z,2026-08-13T22:15:34.706Z,Válvula antidrenaje para toberas SPRAY
0b209a54-00b3-4a10-9217-9741e5ea8335,img:valvula-antidrenaje-toberas-pro-s,,Válvula antidrenaje (Toberas Pro S),valvula-antidrenaje-toberas-pro-s,e2b2a28c-4579-4f51-abf9-a03763736a76,a52bc67c-48fe-48c2-9a7c-92ec396400cc,https://surerain.com/catalogo?producto=valvula-antidrenaje-toberas-pro-s,1,3ee99ef17ac45a46f3eb055dc3eb8b99233fdc810017157fd7676b88c0af5210,2026-08-13T22:03:34.454Z,2026-08-13T22:15:34.706Z,Válvula antidrenaje para Toberas Pro S ASKA00000P53428
797f1695-bea3-4a12-a46a-290363463848,img:valvula-antidrenaje-mini-pro,,Valvula antidrenaje (Mini Pro),valvula-antidrenaje-mini-pro,e2b2a28c-4579-4f51-abf9-a03763736a76,a52bc67c-48fe-48c2-9a7c-92ec396400cc,https://surerain.com/catalogo?producto=valvula-antidrenaje-mini-pro,1,d447434f20131fd89251676807393dcb63b1fe9eeeb25fd6aa90a1a779597930,2026-08-13T22:03:34.454Z,2026-08-13T22:15:34.706Z,Válvula antidrenaje para Mini Pro
8c041a23-dd54-4564-bdab-2351996f7039,img:rs-pw-3520,PW-3520,RS-PW 3520,rs-pw-3520,502c1968-e603-4c9a-997c-a295179fde97,7a191579-894e-4337-b589-26850fa8dc5f,https://surerain.com/catalogo?producto=rs-pw-3520,1,103927c1d0065ac7cbcda3908a33d039ba98b405942f5dc842e39b4f0ebe850f,2026-08-13T22:03:34.454Z,2026-08-13T22:15:34.706Z,"CARACTERÍSTICAS: – Aspersor giratorio 3 brazos, 1/2″ RM. – Fabricado en material plástico."
712f98dd-f3b1-4f08-9c08-582e65fa76a7,img:aspersor-1700-00c-greenplains,,Aspersor 1700.000C GreenPlains,aspersor-1700-000c-greenplains,e61d87b4-93df-4d0c-afed-89835b844de1,8d40dab7-5976-47eb-a23b-484f9786ed05,https://surerain.com/catalogo?producto=aspersor-1700-000c-greenplains,1,f69a44c9a5ac1e861981727b45ec365ee3920988655b19c1dd985a0457d5cf07,2026-08-13T22:03:34.454Z,2026-08-13T22:15:34.706Z,"CARACTERÍSTICAS: – Aspersor de 1” BSPT, Rosca Hembra – Materiales: Aleación de aluminio, cobre, acero inoxidable y plástico poliamida. – Alcance de riego: 12.5 – 19.5 m – Presión de trabajo: 1.5 – 4.0 bar. – Caudal: 2 – 6.5 m³/h – Boquillas disponibles: 5 mm, 6 mm, 7mm y 9 mm – Ángulo de rotación: 360° Sectorizable."
f236531c-b6df-463b-967a-70126ecbe95e,img:aspersor-1700-00e-greenplains,,Aspersor 1700.000E GreenPlains,aspersor-1700-000e-greenplains,e61d87b4-93df-4d0c-afed-89835b844de1,8d40dab7-5976-47eb-a23b-484f9786ed05,https://surerain.com/catalogo?producto=aspersor-1700-000e-greenplains,1,d338d05263a6ada108304e8e9b766c8d0b42d61332787728160a8fba3cebe1c0,2026-08-13T22:03:34.454Z,2026-08-13T22:15:34.706Z,"CARACTERÍSTICAS: – Aspersor de 1 1/2” BSPT, Rosca Hembra – Materiales: Aleación de aluminio, cobre, acero inoxidable y plástico poliamida. – Alcance de riego: 16 – 29 m – Presión de trabajo: 1.5 – 5.0 bar. – Caudal: 5 – 25 m³/h – Boquillas disponibles: 8 mm, 10 mm, 12 mm, 14 mm y 16 mm – Ángulo de rotación: 360° Sectorizable."
2fd49fce-72c7-4e1c-b938-18855aea36ee,img:aspersor-1704-00d-greenplains,,Aspersor 1704.000D GreenPlains,aspersor-1704-000d-greenplains,e61d87b4-93df-4d0c-afed-89835b844de1,8d40dab7-5976-47eb-a23b-484f9786ed05,https://surerain.com/catalogo?producto=aspersor-1704-000d-greenplains,1,5d334b49197c635a10a7bafeb873138e43fd6ebfe64a0ecdac7ae5d39dc5640b,2026-08-13T22:03:34.454Z,2026-08-13T22:15:34.706Z,"CARACTERÍSTICAS: – Aspersor de 1 1/4” BSPT, Rosca Hembra – Materiales: Aleación de aluminio, cobre, acero inoxidable y plástico poliamida. – Alcance de riego: 16.5 – 29 m – Presión de trabajo: 1.5 – 5.0 bar. – Caudal: 3.7 – 18.6 m³/h – Boquillas disponibles: 8 mm, 9 mm, 10 mm, 12 mm y 14 mm – Ángulo de rotación: 360° Sectorizable."
702f061f-1bee-4899-8f23-ad1ae883bfec,img:aspersor-1704-00e-greenplains,,Aspersor 1704.000E GreenPlains,aspersor-1704-000e-greenplains,e61d87b4-93df-4d0c-afed-89835b844de1,8d40dab7-5976-47eb-a23b-484f9786ed05,https://surerain.com/catalogo?producto=aspersor-1704-000e-greenplains,1,3ecd3ad0c834315262adc06ff9eb47acfb8a1a43a88eed826716258bb588e4c0,2026-08-13T22:03:34.454Z,2026-08-13T22:15:34.706Z,"CARACTERÍSTICAS: – Aspersor de 1 1/2” BSPT, Rosca Hembra – Materiales: Aleación de aluminio, cobre, acero inoxidable y plástico poliamida. – Alcance de riego: 18 – 36 m – Presión de trabajo: 2 – 6.0 bar. – Caudal: 8 – 32 m³/h – Boquillas disponibles: 10 mm, 12 mm, 14 mm, 16 mm y 18 mm. – Ángulo de rotación: 360° Sectorizable."
521d5351-58f9-446d-a768-75b955f9ddbf,img:aspersor-1705-00f-greenplains,,Aspersor 1705.000F GreenPlains,aspersor-1705-000f-greenplains,e61d87b4-93df-4d0c-afed-89835b844de1,8d40dab7-5976-47eb-a23b-484f9786ed05,https://surerain.com/catalogo?producto=aspersor-1705-000f-greenplains,1,41fe1b28321293b560b6fc771c35f03ef756e530ae7ac8f611ef1c71caef3292,2026-08-13T22:03:34.454Z,2026-08-13T22:15:34.706Z,"CARACTERÍSTICAS: – Aspersor de 2” BSPT, Rosca Hembra – Materiales: Aleación de aluminio, cobre, acero inoxidable y plástico poliamida. – Alcance de riego: 17 – 42.5 m – Presión de trabajo: 1.5 – 5.0 bar. – Caudal: 10 – 40 m³/h – Boquillas disponibles: 12 mm, 14 mm, 16 mm 18 mm, 20 mm y 22 mm – Ángulo de rotación: 360° Sectorizable."
c68c8064-a1ee-4feb-a1b3-59023f7958bc,img:aspersor-plastico-circular-boquillas-plasticas,,Aspersor plástico circular boquillas plásticas,aspersor-plastico-circular-boquillas-plasticas,e61d87b4-93df-4d0c-afed-89835b844de1,a4303626-8104-4205-ab55-4a20ec6acb40,https://surerain.com/catalogo?producto=aspersor-plastico-circular-boquillas-plasticas,1,690c18cd5e17b29392cd7400959d981a9931440d90dfaea6adf2c1cea80b2c1f,2026-08-13T22:03:34.454Z,2026-08-13T22:15:34.706Z,"CARACTERÍSTICAS: Boquilla de 4 mm – TP Boquilla de 2,8 mm – TP Medida disponible: rosca macho 1/2″. Caudal: 0,80 – 1,10 m3h. Presión: 2,0- 4,0 bar."
3c4da6c1-5c02-4ae6-b13b-5ac5965c7178,img:aspersor-plastico-greenplains-2,,"Aspersor Plástico GreenPlains, Boq. Met.",aspersor-plastico-greenplains-boq-met,e61d87b4-93df-4d0c-afed-89835b844de1,8d40dab7-5976-47eb-a23b-484f9786ed05,https://surerain.com/catalogo?producto=aspersor-plastico-greenplains-boq-met,1,3540342a5b2636555ca174e5c861b3bc6f8596e7b37ebac984ab087771819432,2026-08-13T22:03:34.454Z,2026-08-13T22:15:34.706Z,"CARACTERÍSTICAS: Aspersor Plástico GreenPlains Medida disponible: RM 3/4” Presión: 3 – 3.5 – 4 bar Caudal: 1,62 – 1,84 – 1,94 m3/h Radio: 14 – 15 mts"
0647f643-cfb6-42af-859b-346b8500dc12,img:aspersor-plastico-greenplains,,"Aspersor Plástico GreenPlains, Boq. Plast.",aspersor-plastico-greenplains-boq-plast,e61d87b4-93df-4d0c-afed-89835b844de1,8d40dab7-5976-47eb-a23b-484f9786ed05,https://surerain.com/catalogo?producto=aspersor-plastico-greenplains-boq-plast,1,11462078bfec1aba18aecb8b6024d4c02f44a9c589479ce515a9a7a65d175ea8,2026-08-13T22:03:34.454Z,2026-08-13T22:15:34.706Z,"CARACTERÍSTICAS: Medida disponible: RM 3/4” Presión: 3.0 – 4.0 – 5.0 bar Caudal: 1,79 – 2,07 – 2,32 m3/h Radio: 14,5 – 15 – 16 mts."
16c1f304-ce46-4e0b-8622-a83bffbb3686,img:boquillas-p-aspersores-de-impacto-greenplains,,Boquillas p/aspersores de impacto GreenPlains,boquillas-p-aspersores-de-impacto-greenplains,e61d87b4-93df-4d0c-afed-89835b844de1,8d40dab7-5976-47eb-a23b-484f9786ed05,https://surerain.com/catalogo?producto=boquillas-p-aspersores-de-impacto-greenplains,1,6dd9a27bd9e04d55543c8af80a9308b0f43536e75877ef6a11a73d975d98720e,2026-08-13T22:03:34.454Z,2026-08-13T22:15:34.706Z,"Boquillas para aspersores de impacto GreenPlains Medidas disponibles: 2,5 mm 2,8 mm 3 mm 3,2 mm 3,5 mm 4 mm"
80c34425-7aaa-4be9-9054-c1c8f512aec4,img:boquilla-fija-rosca-hembra,,Boquilla Fija (rosca hembra),boquilla-fija-rosca-hembra,e2b2a28c-4579-4f51-abf9-a03763736a76,a52bc67c-48fe-48c2-9a7c-92ec396400cc,https://surerain.com/catalogo?producto=boquilla-fija-rosca-hembra,1,05289663a7f4e10a95c508999a8027f458807bf513b830b2c966103a0e55de32,2026-08-13T22:03:34.454Z,2026-08-13T22:15:34.706Z,
3fa8810b-7afd-4b72-96fa-02381bb706f1,img:boquilla-fija-rosca-macho,,Boquilla Fija (rosca macho),boquilla-fija-rosca-macho,e2b2a28c-4579-4f51-abf9-a03763736a76,a52bc67c-48fe-48c2-9a7c-92ec396400cc,https://surerain.com/catalogo?producto=boquilla-fija-rosca-macho,1,8bcf61fe417fd758f586eb95f89888961e0eb63651b459b77832e1df5bf57e2b,2026-08-13T22:03:34.454Z,2026-08-13T22:15:34.706Z,
f0962cab-a57a-45a3-a08b-d28ca94b3f07,img:boquillas-giratorias-regulables,,Boquillas Giratorias,boquillas-giratorias,e2b2a28c-4579-4f51-abf9-a03763736a76,a52bc67c-48fe-48c2-9a7c-92ec396400cc,https://surerain.com/catalogo?producto=boquillas-giratorias,1,d01b3c51997bebc09777c985787d79394e184e6b08151e1d0b84b4755bc69c6b,2026-08-13T22:03:34.454Z,2026-08-13T22:15:34.706Z,
329846b6-6209-44e0-8449-0d18ceef2aec,img:adaptador-p-boquillas-rosca-hembra,,Adaptador para boquillas (rosca hembra),adaptador-para-boquillas-rosca-hembra,e2b2a28c-4579-4f51-abf9-a03763736a76,a52bc67c-48fe-48c2-9a7c-92ec396400cc,https://surerain.com/catalogo?producto=adaptador-para-boquillas-rosca-hembra,1,ce340941c618ab7d9100ce17cae4b7dc509bfa99c4e10849d7b011e671fa5f5d,2026-08-13T22:03:34.454Z,2026-08-13T22:15:34.706Z,Los adaptadores de boquillas permiten instalar cualquier boquilla existente en el mercado a una cañería sin necesidad de utilizar una tobera emergente. Conexión a la cañería RH ½»
bdc65f03-7240-4ec0-9a7d-bc5ededeb075,img:adaptador-p-boquillas-rosca-macho,,Adaptador para boquillas (rosca macho),adaptador-para-boquillas-rosca-macho,e2b2a28c-4579-4f51-abf9-a03763736a76,a52bc67c-48fe-48c2-9a7c-92ec396400cc,https://surerain.com/catalogo?producto=adaptador-para-boquillas-rosca-macho,1,8d56ae0472397f40b762e30f6f7324261f75623062486f3e746063fadd9004e7,2026-08-13T22:03:34.454Z,2026-08-13T22:15:34.706Z,Los adaptadores de boquillas permiten instalar cualquier boquilla existente en el mercado a una cañeria sin necesidad de utilizar una tobera emergente. Conexión a la cañeria RH ½»
4e86fc58-fef6-4eae-ac35-b49913fabb1b,img:pro-plus,,PRO Plus,pro-plus,e2b2a28c-4579-4f51-abf9-a03763736a76,a52bc67c-48fe-48c2-9a7c-92ec396400cc,https://surerain.com/catalogo?producto=pro-plus,1,92de9b709f53680020145384d9291b6e4de3223b6aa93b65c5d5523b584ad1c1,2026-08-13T22:03:34.454Z,2026-08-13T22:15:34.706Z,CARACTERÍSTICAS: – Totalmente ajustable: Proporciona un rango de ajuste total desde los 40° hasta los 360° girando en rotación continua.
01110426-48f2-46ee-b82e-6bdd42242fcd,img:super-pro,,Super PRO,super-pro,e2b2a28c-4579-4f51-abf9-a03763736a76,a52bc67c-48fe-48c2-9a7c-92ec396400cc,https://surerain.com/catalogo?producto=super-pro,1,897574c72dfe4e1c9c981b5a86d56799f03d2e983b9e8f6a7ef20e52db9124a6,2026-08-13T22:03:34.454Z,2026-08-13T22:15:34.706Z,CARACTERÍSTICAS: – Totalmente ajustable: Proporciona un rango de ajuste total desde los 40° hasta los 360° girando en rotación continua..
7510e5c5-9f65-467e-bd1b-4316c85a5edb,img:pro-sport,,PRO Sport,pro-sport,e2b2a28c-4579-4f51-abf9-a03763736a76,a52bc67c-48fe-48c2-9a7c-92ec396400cc,https://surerain.com/catalogo?producto=pro-sport,1,d0face48f5f1af2d281e4631fa56a134b5993bea720beef37e54c5bec7e623ae,2026-08-13T22:03:34.454Z,2026-08-13T22:15:34.706Z,CARACTERÍSTICAS: – Totalmente ajustable: Proporciona un rango de ajuste total desde los 40° hasta los 360° girando en rotación continua.
5ba33390-ef6b-45f4-8a21-c8206ace4bc2,img:rps75,RPS-75,RPS 75,rps-75,e2b2a28c-4579-4f51-abf9-a03763736a76,a52bc67c-48fe-48c2-9a7c-92ec396400cc,https://surerain.com/catalogo?producto=rps-75,1,ed0594891fce21fb270951c00e39f661cce59c92df768cd7e850d8d50f5e7690,2026-08-13T22:03:34.454Z,2026-08-13T22:15:34.706Z,CARACTERÍSTICAS: – Totalmente ajustable: Proporciona un rango de ajuste total desde los 40° hasta los 360°.
c6dbd94f-177c-4cab-84f4-45d1986bdc97,img:mini-pro,,Mini PRO,mini-pro,e2b2a28c-4579-4f51-abf9-a03763736a76,a52bc67c-48fe-48c2-9a7c-92ec396400cc,https://surerain.com/catalogo?producto=mini-pro,1,ab4387282204cc9730ddc178ad8dc018cefd1d2216862873a767475c2185d471,2026-08-13T22:03:34.454Z,2026-08-13T22:15:34.706Z,CARACTERÍSTICAS: – Ajuste sencillo del arco de giro: Fácilmente ajustable en la parte superior con un destornillador de punta plana.
e5c397a7-0bcb-4e73-a8ea-cb4d5ed42c33,img:aspersor-emergente-plastico-de-impacto-sectorizable,,"Aspersor emergente plástico, de impacto, sectorizable",aspersor-emergente-plastico-de-impacto-sectorizable,ada680ba-9c5e-4b51-9441-bef501040fd1,a52bc67c-48fe-48c2-9a7c-92ec396400cc,https://surerain.com/catalogo?producto=aspersor-emergente-plastico-de-impacto-sectorizable,1,c20c3d858cfd31e5c47be7ad240b98eaf5d991a927295cdc2fc169e121f08944,2026-08-13T22:03:34.454Z,2026-08-13T22:15:34.706Z,"CARACTERÍSTICAS: – 3/4″ rosca hembra – Caudal; 0,83 – 1,18 m3/h – Presión; 2,0 – 4,0 bares – Radio: 11,7 – 12,8 metros"
9ed8fc10-907e-4bec-bef8-daadadf64e0d,img:valvula-plastica-para-aspersor-3-4-y-1,,Válvula Plástica con acople rápido GreenPlains,valvula-plastica-con-acople-rapido-greenplains,ada680ba-9c5e-4b51-9441-bef501040fd1,8d40dab7-5976-47eb-a23b-484f9786ed05,https://surerain.com/catalogo?producto=valvula-plastica-con-acople-rapido-greenplains,1,d3856074bd606ea5e1db96bc41ae880ba839613d30eca15ca56d7e9a9c243b38,2026-08-13T22:03:34.454Z,2026-08-13T22:15:34.706Z,Válvula plástica con acople rápido para aspersores. Medidas disponibles: Rosca macho 3/4″ y 1″
2ae4f8f3-b4f3-421d-b1a8-2185fdb669f4,img:prolongador-o-bayoneta-3-4,,Prolongador o Bayoneta GreenPlains,prolongador-o-bayoneta-greenplains,ada680ba-9c5e-4b51-9441-bef501040fd1,8d40dab7-5976-47eb-a23b-484f9786ed05,https://surerain.com/catalogo?producto=prolongador-o-bayoneta-greenplains,1,3af3f84b2cd2cf0b3ca40260e4b5c3408ecc3e818bdc076f4ceaf0d59fc6d2ac,2026-08-13T22:03:34.454Z,2026-08-13T22:15:34.706Z,Prolongador o Bayoneta. Medidas disponibles: Rosca macho 3/4″
b55c3f5f-2fce-453b-ae83-f5f942a7cf1d,img:valvula-con-rosca-macho,,Válvula con rosca macho c/prolongador incluido,valvula-con-rosca-macho-c-prolongador-incluido,ada680ba-9c5e-4b51-9441-bef501040fd1,8d40dab7-5976-47eb-a23b-484f9786ed05,https://surerain.com/catalogo?producto=valvula-con-rosca-macho-c-prolongador-incluido,1,9ee022e33d0d2c9307c20524501568b8cf4a25b5566fbc1eedd0cb81663b9e00,2026-08-13T22:03:34.454Z,2026-08-13T22:15:34.706Z,Válvula de acople rápido para aspersores utilizada en espacios verdes e instalaciones deportivas. CARACTERÍSTICAS: – Disponibles en:  ¾” (cód.
96c2cd6d-9d55-4329-90b8-bf271d4fba9d,img:wi-30320,WI-30320,WI-30320,wi-30320,ada680ba-9c5e-4b51-9441-bef501040fd1,8d40dab7-5976-47eb-a23b-484f9786ed05,https://surerain.com/catalogo?producto=wi-30320,1,cbddc70f36bf0256bee39cfdd51922b0e762b6123ea994103ceda385079d2c08,2026-08-13T22:03:34.454Z,2026-08-13T22:15:34.706Z,CARACTERÍSTICAS: – Aspersor metálico – 1/2″ rosca macho – Sectorizable – Alcance ajustable
63cf3c92-6480-415f-b81a-090787cdcbc6,img:valvulas-plasticas-con-acople-rapido-rosca-macho,,Válvulas plásticas c/acople rápido RM,valvulas-plasticas-c-acople-rapido-rm,14b4f623-921c-43d0-84bd-6c67fca9e625,8d40dab7-5976-47eb-a23b-484f9786ed05,https://surerain.com/catalogo?producto=valvulas-plasticas-c-acople-rapido-rm,1,4902ea16c08faeee8bedf80b246d5d400ab1d681c925f716cbdbeb09372a0563,2026-08-13T22:03:34.454Z,2026-08-13T22:15:34.706Z,"Válvulas plásticas con acople rápido para aspersores, rosca macho, Plástica Alfa. Medidas disponibles: 3/4″ y 1″"
427d1694-ae98-4ecf-8da4-2dc5614d30f6,img:prolongador-o-bayoneta-3-4-plastica-alfa,,"Prolongador o bayoneta 3/4″, Plástica Alfa",prolongador-o-bayoneta-3-4-plastica-alfa,14b4f623-921c-43d0-84bd-6c67fca9e625,8d40dab7-5976-47eb-a23b-484f9786ed05,https://surerain.com/catalogo?producto=prolongador-o-bayoneta-3-4-plastica-alfa,1,df7efc2132e471b35f12da3c5668c414cfb2d9ba296642075332d5a2f5167b86,2026-08-13T22:03:34.454Z,2026-08-13T22:15:34.706Z,"Prolongador o bayoneta, Plástica Alfa Medidas disponibles: rosca macho 3/4”."
28d54a20-59ba-4033-87dd-6e49d197c038,img:tuberia-con-gotero-integrado-2,,Tuberia con gotero integrado,tuberia-con-gotero-integrado,e61d87b4-93df-4d0c-afed-89835b844de1,,https://surerain.com/catalogo?producto=tuberia-con-gotero-integrado,1,7f1bf51e2aa2d66d0dcbd0d7188c0555c2dc18f0b62ce63a844e45aea5779333,2026-08-13T22:03:21.631Z,2026-08-13T22:15:34.706Z,Tubería con gotero integrado – Tubería con gotero cada 33 cm (2 l/h) – Tubería con gotero cada 75 cm (4 l/h)
6c5c3189-6571-4972-8f86-21140d507323,img:microtubo-de-pvc-semiflexible,,Microtubo de PVC (semiflexible),microtubo-de-pvc-semiflexible,e61d87b4-93df-4d0c-afed-89835b844de1,,https://surerain.com/catalogo?producto=microtubo-de-pvc-semiflexible,1,5f9e76ede1fa3ee055cae9986f5c13c0bf2e2274180a12445f214192e6d1193c,2026-08-13T22:03:34.454Z,2026-08-13T22:15:34.706Z,"Medidas disponibles: 3 mm x 5,5 mm (Ø int. 3 mm x Ø ext. 5,5 mm) 4 mm x 6 mm (Ø int. 4 mm x Ø ext. 6 mm) Características – Utlizado en microaspersión – Semiflexible – Presión máxima: 5 bar"
936d281e-fe56-4b5d-86d4-82b4c7f305e0,img:microtubo-comando,,Microtubo comando,microtubo-comando,e61d87b4-93df-4d0c-afed-89835b844de1,,https://surerain.com/catalogo?producto=microtubo-comando,1,4981fd17b752c88931b27907e10067046036b389858aa68ea06133d7eab03daa,2026-08-13T22:03:34.454Z,2026-08-13T22:15:34.706Z,Características y uso: – Utilizado para comando a distancia de válvulas hidráulicas. – Semiflexible. – Presión máxima: 5 bar. Medidas disponibles: 6 mm x 8 mm
b03bab02-fc08-4cde-ac09-432d0bd73539,img:mangas-lay-flat,,Mangas Lay Flat,mangas-lay-flat,a4efa00d-ea65-478b-b6e7-dca9b95d2616,,https://surerain.com/catalogo?producto=mangas-lay-flat,1,1c17fa8401ff7bbec48bf14870905676d959d064cc00e60771fb905db4af00e2,2026-08-13T22:03:34.454Z,2026-08-13T22:15:34.706Z,"Características: – Bobinas planas para un fácil almacenamiento. – Manga brillante, se mantiene suave y flexible con agua extremadamente fría. – PVC reforzado con poliéster. – Temperatura : -5 ℃ a + 65 ℃. Principales usos: – Riego con agua. – Descarga de lodos en agricultura, construcción, industria y minería."
1c53b8fb-b247-4f32-be0b-e8639efbea4c,img:cinta-de-riego-por-goteo-novodrip-apollo,,Cinta de Riego por goteo Novodrip Apollo,cinta-de-riego-por-goteo-novodrip-apollo,e61d87b4-93df-4d0c-afed-89835b844de1,,https://surerain.com/catalogo?producto=cinta-de-riego-por-goteo-novodrip-apollo,1,b33a9ca4e786c5fb73105ac4bdcdbdcb65af60969b0833fac509d1c1bc13e612,2026-08-13T22:03:34.454Z,2026-08-13T22:15:34.706Z,"La cinta de riego por goteo Novodrip Apollo puede ayudarlo a mejorar el rendimiento, la eficiencia en el uso del agua, y la calidad de los cultivos al poner agua y fertilizante justo donde el cultivo lo necesita."
5cfe1beb-a858-4d9f-b8aa-200983fa163a,img:gotero-desarmable-tipo-boton-de-laberinto,,"Gotero desarmable, tipo botón de laberinto",gotero-desarmable-tipo-boton-de-laberinto,e61d87b4-93df-4d0c-afed-89835b844de1,,https://surerain.com/catalogo?producto=gotero-desarmable-tipo-boton-de-laberinto,1,86852d06d4dcbaa8f3e5746be2c225b4fdcf7a843cc225ad9be7e56af7363c5b,2026-08-13T22:03:34.454Z,2026-08-13T22:15:34.706Z,GOTEROS DESARMABLES TIPO BOTÓN DE LABERINTO CARACTERÍSTICAS: – Confeccionados en polipropileno reforzado con fibra de vidrio.
cd5123a7-c696-4f7e-b988-d70735c9c00d,img:gotero-desarmable-autocompensado-tipo-boton,,"Gotero desarmable autocompensado, tipo botón – 2 l/h",gotero-desarmable-autocompensado-tipo-boton-2-l-h,e61d87b4-93df-4d0c-afed-89835b844de1,,https://surerain.com/catalogo?producto=gotero-desarmable-autocompensado-tipo-boton-2-l-h,1,38e506cf26206f3bc8e5bf868219e9b02fcbc4073898a318e029e81fc36f01e5,2026-08-13T22:03:34.454Z,2026-08-13T22:15:34.706Z,"Gotero desarmable autocompensado, tipo botón Caudal 2 l/h (GOPA00031090002)"
1df55848-b7bf-4b0a-83f3-1750ee93190d,img:gotero-desarmable-autocompensado-3109-0004,,"Gotero desarmable autocompensado, tipo botón – 4 l/h",gotero-desarmable-autocompensado-tipo-boton-4-l-h,e61d87b4-93df-4d0c-afed-89835b844de1,,https://surerain.com/catalogo?producto=gotero-desarmable-autocompensado-tipo-boton-4-l-h,1,ba92c5a3ff5b31cbda93b179099cebba6da604c789bfed5973447ed5af2d2977,2026-08-13T22:03:34.454Z,2026-08-13T22:15:34.706Z,"Gotero desarmable autocompensado, tipo botón Caudal: 4 l/h (GOC400031090004)"
c8e44f14-bed7-4626-91b6-3abce87d888b,img:gotero-desarmable-autocompensado-3109-0008,,"Gotero desarmable autocompensado, tipo botón – 8 l/h",gotero-desarmable-autocompensado-tipo-boton-8-l-h,e61d87b4-93df-4d0c-afed-89835b844de1,,https://surerain.com/catalogo?producto=gotero-desarmable-autocompensado-tipo-boton-8-l-h,1,9481dbcc1e198529085210c156bb4c7d3a8c6e12b0b0af565f52798679f6b62a,2026-08-13T22:03:34.454Z,2026-08-13T22:15:34.706Z,"Gotero desarmable autocompensado, tipo botón Caudal: 8 l/h (GOC400031090008)"
85e98caf-b637-469e-9dd7-bbe130936941,img:gotero-no-desarmable-autocompensado-autolimpiante,,Gotero no desarmable autocompensado autolimpiante,gotero-no-desarmable-autocompensado-autolimpiante,e61d87b4-93df-4d0c-afed-89835b844de1,,https://surerain.com/catalogo?producto=gotero-no-desarmable-autocompensado-autolimpiante,1,dd3b412113ce975947744fde5d8342399f1f3de05765a7c9db1e0fe8d7f80a1e,2026-08-13T22:03:34.454Z,2026-08-13T22:15:34.706Z,CARACTERÍSTICAS : – Confeccionados en polipropileno reforzado con fibra de vidrio. – Resistentes a radiación UV.
e8dba417-a1c8-419e-8205-e7409026f36c,img:gotero-no-desarmable-autocompensado-antidrenante-autolimpiante,,Gotero no desarmable autocompensado antidrenante autolimpiante,gotero-no-desarmable-autocompensado-antidrenante-autolimpiante,e61d87b4-93df-4d0c-afed-89835b844de1,,https://surerain.com/catalogo?producto=gotero-no-desarmable-autocompensado-antidrenante-autolimpiante,1,85ff7c88430cef8a9eb695dad3c1dff410189009b37d814c2b8cac390dc9e67f,2026-08-13T22:03:34.454Z,2026-08-13T22:15:34.706Z,"CARACTERÍSTICAS : – Confeccionados en polipropileno reforzado con fibra de vidrio. – Resistentes a radiación UV. – Salida apta para conexión a microtubo de 4mm x 6mm. – Flujo turbulento – la sección del laberinto esta diseñada para minimizar los riesgos de taponamiento. – Presión de trabajo: 0,7-5 bar. Caudal: 4 l/h (GOC4000PCN0104)"
dfa303a4-0fec-4f23-948c-8b424eb1d4d4,img:gotero-estaca-de-laberinto-asd-002,ASD-002,Gotero estaca de laberinto ASD-002,gotero-estaca-de-laberinto-asd-002,e61d87b4-93df-4d0c-afed-89835b844de1,,https://surerain.com/catalogo?producto=gotero-estaca-de-laberinto-asd-002,1,217adaa9c4a54bd0fbe28b1c1fd7374d5b47210fb3d4bbded8f93b57ea5f2cf5,2026-08-13T22:03:34.454Z,2026-08-13T22:15:34.706Z,Caudal: 2 l/h (GOIR0II.ASD.002)
e6a2b914-0591-46b2-a395-3c59a35b8dcc,img:gotero-ajustable-plast-project,,Gotero ajustable Plast Project,gotero-ajustable-plast-project,e61d87b4-93df-4d0c-afed-89835b844de1,,https://surerain.com/catalogo?producto=gotero-ajustable-plast-project,1,2b47064dc37ca0c1214cc10ba8c1d802e0afdfa1ffeca4c7b5a71f9fe26f095b,2026-08-13T22:03:34.454Z,2026-08-13T22:15:34.706Z,Caudal: 0-80 l/h (GOPL001120.0800)
6b3f57b6-a4a4-4e90-83fb-363d2bfc0408,img:gotero-ajustable-alfa,,Gotero ajustable Alfa,gotero-ajustable-alfa,e61d87b4-93df-4d0c-afed-89835b844de1,,https://surerain.com/catalogo?producto=gotero-ajustable-alfa,1,b34e6145d692865568f411e560bf19fb627a3cdee9d787c8888f0172f46d7d9c,2026-08-13T22:03:34.454Z,2026-08-13T22:15:34.706Z,Caudal: 0-100 l/h (GOAL0010016-100)
ca0a0f25-e4c9-4401-864d-01c52f591d29,img:tuberia-de-polietileno-pe,,Tubería de polietileno (PE),tuberia-de-polietileno-pe,e61d87b4-93df-4d0c-afed-89835b844de1,,https://surerain.com/catalogo?producto=tuberia-de-polietileno-pe,1,bc84a058302fd858c92fbf17e4436f8259759313df3624668b18a0cd139de6c8,2026-08-13T22:03:34.454Z,2026-08-13T22:15:34.706Z,Medidas disponibles: 16 mm 20 mm Presión máxima: 4 bar
e1122fcb-bc45-4000-9494-971a35f6c0bf,img:conector-de-tuberia-de-polietileno-de-16mm-chicote-a-cinta,,Conector de tubería de polietileno de 16mm (chicote) a cinta,conector-de-tuberia-de-polietileno-de-16mm-chicote-a-cinta,e61d87b4-93df-4d0c-afed-89835b844de1,,https://surerain.com/catalogo?producto=conector-de-tuberia-de-polietileno-de-16mm-chicote-a-cinta,1,a3375133e143f7bc36489caa5e0692428d8424be97024016b110147b327cbc8c,2026-08-13T22:03:21.631Z,2026-08-13T22:15:34.706Z,Conector de tubería de polietileno de 16mm (chicote) a cinta Diámetro: 16 X CINTA 16 (ACIR0IE.851.16T)
95b65651-4676-4000-a71b-35f7eeacb1d6,img:manguera-de-alta-presion-para-pulverizacion-con-conector-incluido,,Mangueras de alta presión para pulverización con conector incluido,mangueras-de-alta-presion-para-pulverizacion-con-conector-incluido,a4efa00d-ea65-478b-b6e7-dca9b95d2616,,https://surerain.com/catalogo?producto=mangueras-de-alta-presion-para-pulverizacion-con-conector-incluido,1,44dbebba3bc4022f2d0385c6bb9ce5b23ef9d45669f5651ce7aaeafa064a3ba5,2026-08-13T22:03:34.454Z,2026-08-13T22:15:34.706Z,"Características: – Alta resistencia a la presión. – Fácil de manejar e instalar. – Buena flexibilidad y durabilidad contra el clima, la abrasión y los agentes químicos."
f16f170e-2c90-4474-9af1-cae38021e92b,img:conector-para-goteros-anti-drenante-de-2-y-4-salidas,,Conector para Goteros anti-drenante de 2 y 4 salidas,conector-para-goteros-anti-drenante-de-2-y-4-salidas,e61d87b4-93df-4d0c-afed-89835b844de1,,https://surerain.com/catalogo?producto=conector-para-goteros-anti-drenante-de-2-y-4-salidas,1,167a5fe865708b770f1de8bae761a20f776f65d7ba9488e1a1788663f4384489,2026-08-13T22:03:34.454Z,2026-08-13T22:15:34.706Z,Conector de 2 salidas para goteros anti-drenante ACIR0000005133B Conector de 4 salidas para goteros anti-drenante ACIR0000005135B
c0533d0d-471a-4687-9765-609c83fd1816,img:conector-para-goteros,,Conector para Goteros de 2 y 4 salidas,conector-para-goteros-de-2-y-4-salidas,e61d87b4-93df-4d0c-afed-89835b844de1,,https://surerain.com/catalogo?producto=conector-para-goteros-de-2-y-4-salidas,1,43e917c08bd5159fcde98229ad0ea66a605c4180ca206630670d940c0e72230e,2026-08-13T22:03:34.454Z,2026-08-13T22:15:34.706Z,Conector de 2 salidas para goteros ACIR0000005133A Conector de 4 salidas para goteros ACIR0000005135A
01786049-a5b4-4aee-8da4-ac63e98712ac,img:conector-inicial-p-cinta-con-goma-pe,,Conector inicial p/cinta con goma (PE),conector-inicial-p-cinta-con-goma-pe,e61d87b4-93df-4d0c-afed-89835b844de1,,https://surerain.com/catalogo?producto=conector-inicial-p-cinta-con-goma-pe,1,c100817ae112ed69cb54b988bb7efe6355155c56e15fe3e4802c35fcb7a66737,2026-08-13T22:03:34.454Z,2026-08-13T22:15:34.706Z,"Conector inicial para cinta con goma (tubería madre de polietileno) Diámetro: Cinta 16 / Cinta 9,5 (ACIR0IE.853.00T)"
f8e012e1-edb8-45c6-99df-ff7125052726,img:conector-inicial-p-cinta-con-goma-pe-pvc,,Conector inicial p/cinta con goma (PE/PVC),conector-inicial-p-cinta-con-goma-pe-pvc,e61d87b4-93df-4d0c-afed-89835b844de1,,https://surerain.com/catalogo?producto=conector-inicial-p-cinta-con-goma-pe-pvc,1,d8dbb722222b679968f1db46c16afcd656433fbb95665f2e8624b96d62b5f8e3,2026-08-13T22:03:34.454Z,2026-08-13T22:15:34.706Z,Conector inicial para cinta con goma (tubería madre de polietileno o de PVC) Diámetro: Cinta 16 (ACIR0IE.863.00T)
9f9d3ffa-12ea-407b-be9d-4cc3306e2e5b,img:conector-inicial-p-cinta-c-rosca-de-ajuste-s-goma,,Conector inicial p/cinta c/rosca de ajuste s/goma,conector-inicial-p-cinta-c-rosca-de-ajuste-s-goma,e61d87b4-93df-4d0c-afed-89835b844de1,,https://surerain.com/catalogo?producto=conector-inicial-p-cinta-c-rosca-de-ajuste-s-goma,1,17ba89003cf5df84e21f2a40bb5a50a2ca9575f363f2d1f253e08f620c9c8e45,2026-08-13T22:03:34.454Z,2026-08-13T22:15:34.706Z,Conector inicial para cinta con rosca de ajuste s/goma Diámetro: cinta 16 (ACPO00000017562)
af45414b-a477-45d3-a17c-bb27be0f2ad2,img:conector-cinta-x-rm-1-2,,Conector rm 1/2 “ x cinta,conector-rm-1-2-x-cinta,e61d87b4-93df-4d0c-afed-89835b844de1,,https://surerain.com/catalogo?producto=conector-rm-1-2-x-cinta,1,1d67a00a7e4a6e8db7a5ab3bd7083fd62f7de342218297763bb6acc5e367b6e0,2026-08-13T22:03:34.454Z,2026-08-13T22:15:34.706Z,Conector rm 1/2 “ x cinta Cód. ACGR02415.0001F
8c50227c-9af5-4845-ae14-0ea41e8c4fc0,img:conector-cinta-x-cinta-22,,Conector cinta x cinta 22,conector-cinta-x-cinta-22,e61d87b4-93df-4d0c-afed-89835b844de1,,https://surerain.com/catalogo?producto=conector-cinta-x-cinta-22,1,51e44689bb3b22c440a93005aeae19bcaa4fb19d0afe9d28732f610e69e0adb5,2026-08-13T22:03:34.454Z,2026-08-13T22:15:34.706Z,Diámetro: cinta 22 (ACIR0IE.0LC0122)
6099cbd2-9710-40b7-b339-1887ec9b53a8,img:conector-inicial-lay-flat-cinta,,Conector inicial Lay Flat-cinta,conector-inicial-lay-flat-cinta,e61d87b4-93df-4d0c-afed-89835b844de1,,https://surerain.com/catalogo?producto=conector-inicial-lay-flat-cinta,1,8b774a05117845f22bec665da51f24e402a7e7b4912032318959b5627f0fac5d,2026-08-13T22:03:34.454Z,2026-08-13T22:15:34.706Z,– Medidas disponibles: Cinta 16 mm
b50378e5-b2c2-4741-aef0-487444756d73,img:conector-cinta-x-cinta-en-codo-90-grados,,Conector cinta x cinta en codo 90 grados,conector-cinta-x-cinta-en-codo-90-grados,e61d87b4-93df-4d0c-afed-89835b844de1,,https://surerain.com/catalogo?producto=conector-cinta-x-cinta-en-codo-90-grados,1,611534ecdeb3e3b26bee3101a826d646478b5f31d81bc7e7b7f27f84af5ac67a,2026-08-13T22:03:34.454Z,2026-08-13T22:15:34.706Z,Conector cinta x cinta en codo 90 grados Diámetro: Cinta 16 (ACIR0IE.858.00T)
1dba84d9-d6b6-46a5-a3e5-eef2a39f18ca,img:conector-cinta-x-cinta-en-t,,Conector cinta x cinta en T,conector-cinta-x-cinta-en-t,e61d87b4-93df-4d0c-afed-89835b844de1,,https://surerain.com/catalogo?producto=conector-cinta-x-cinta-en-t,1,ed8f40bfc39691c0e2db67d561fd373019b077232d624a5e34e042f3e13cd84f,2026-08-13T22:03:34.454Z,2026-08-13T22:15:34.706Z,Conector cinta x cinta en T Diámetro: Cinta 16 (ACIR0IE.857.00T)
737f7df3-c8f0-44e6-ba28-d8943f2e0ae4,img:conector-de-tuberia-de-polietileno-a-cinta,,Conector tubería PE de 20mm (chicote) a cinta 22mm,conector-tuberia-pe-de-20mm-chicote-a-cinta-22mm,e61d87b4-93df-4d0c-afed-89835b844de1,,https://surerain.com/catalogo?producto=conector-tuberia-pe-de-20mm-chicote-a-cinta-22mm,1,b9e9c1c6bfff5d66f851f82852a9fe683132d766107b0e0b9e2b1a656622cecf,2026-08-13T22:03:34.454Z,2026-08-13T22:15:34.706Z,Conector de tubería de polietileno de 20 mm (chicote) a cinta de 22 mm Diámetro: 20 x Cinta 22 (ACIR0IEBC012022)
8e64a1e2-33b5-447c-a0ce-2e72375637a1,img:conector-cinta-x-cinta,,Conector cinta x cinta,conector-cinta-x-cinta,e61d87b4-93df-4d0c-afed-89835b844de1,,https://surerain.com/catalogo?producto=conector-cinta-x-cinta,1,4179c67e2ca1627e50ff3c07cca1730b31e7652ffc58c70237adb39e5c658843,2026-08-13T22:03:34.454Z,2026-08-13T22:15:34.706Z,Conector cinta x cinta Diámetro: cinta 16 (ACPO0000001722)
3666e9df-832b-4fd1-b638-0f15624c3d12,img:tapon-final-de-linea-para-cinta,,Tapón final de línea para cinta,tapon-final-de-linea-para-cinta,e61d87b4-93df-4d0c-afed-89835b844de1,,https://surerain.com/catalogo?producto=tapon-final-de-linea-para-cinta,1,be7fb9fe217bbf2dbdfae88bb0d35ff0ab861df38b4f63b183edd72360fc046e,2026-08-13T22:03:34.454Z,2026-08-13T22:15:34.706Z,Tapón final de línea para cinta Diámetro: cinta 16 (ACPO0000001722)
9efd0320-ff47-40c2-a52a-9b2ee0423088,img:cinta-de-riego-por-goteo-aqua-traxx-toro,,Cinta de riego por goteo Aqua-Traxx Toro,cinta-de-riego-por-goteo-aqua-traxx-toro,c4ec2fec-0e58-4b63-8b8f-e7ef40a8b7bd,,https://surerain.com/catalogo?producto=cinta-de-riego-por-goteo-aqua-traxx-toro,1,2dadca2cb3c8ef01b760298c5b91a8c7daae59dc16804b3b80a626bd063c8a54,2026-08-13T22:03:34.454Z,2026-08-13T22:15:34.706Z,"La cinta de riego Aqua-Traxx (origen USA) es un producto de paredes delgadas con emisores de bajo caudal, ideal para el riego de cultivos en hilera como frutilla, lechuga, espárragos, sandía, berenjena, tomate y muchos otros cultivos."
2ed55671-b3d3-4c00-9f72-73516fc1b172,img:cinta-de-riego-por-goteo-irriway,,Cinta de Riego por goteo Irriway,cinta-de-riego-por-goteo-irriway,4743a11d-5d4f-41f3-b15c-c4eb254ae00d,,https://surerain.com/catalogo?producto=cinta-de-riego-por-goteo-irriway,1,df01e6bac4c30004ce3228d04a9eec4ca0f651fbe954f257872731fef7e49903,2026-08-13T22:03:34.454Z,2026-08-13T22:15:34.706Z,"La cinta Irriway, con su corta separación entre orificios, bajos caudales y gama de espesores, es el producto ideal para los terrenos permeables generalmente destinados a los cultivos hortícolas y a la floricultura, tanto extensivos como intensivos en invernaderos, de tomate, sandía, melón, fresa, calabacines, pimiento, berenjena, espárrago, papa, pepino, cebolla, rosa, claveles, etc."
daa92cbd-dad3-45e6-9caa-152f2682fbd0,img:tuberia-de-riego-por-goteo-novodrip-vimi,,Tubería de Riego por goteo Novodrip Vimi,tuberia-de-riego-por-goteo-novodrip-vimi,e61d87b4-93df-4d0c-afed-89835b844de1,,https://surerain.com/catalogo?producto=tuberia-de-riego-por-goteo-novodrip-vimi,1,25296abfe504b5f4fa9de3282f7ccd6212b62fe60990f0578ca9e1827010577e,2026-08-13T22:03:34.454Z,2026-08-13T22:15:34.706Z,"La cinta de goteo VIMI incorpora un innovador gotero plano ultracompacto, diseñado para generar pérdidas prácticamente nulas."
645bc50c-e9ed-4cc4-9d55-501ba48d8e66,img:cinta-de-riego-olivos-rauli,,Cinta de Riego Olivos-Rauli,cinta-de-riego-olivos-rauli,d5c52dbd-f63e-4a6a-90c8-87f1778a996b,,https://surerain.com/catalogo?producto=cinta-de-riego-olivos-rauli,1,748d0d90580a52452e91560a07c5c857ef1c8ae887f3fd9643876610b27a2947,2026-08-13T22:03:34.454Z,2026-08-13T22:15:34.706Z,"La cinta de riego Olivos-Rauli es una opción económica, compacta y eficiente con gotero integrado de alta efectividad."
2130c9eb-e237-463e-9442-fa9c90da05b6,img:manguera-de-succion,,Mangueras de Succión,mangueras-de-succion,a4efa00d-ea65-478b-b6e7-dca9b95d2616,,https://surerain.com/catalogo?producto=mangueras-de-succion,1,91d55464aa2fe6d86afeedb46e8cbf2245924ff5b1108267b12710a4dee15c59,2026-08-13T22:03:34.454Z,2026-08-13T22:15:34.706Z,Características: – Funcionan bajo presión negativa para extraer fluidos. – Textura flexible. – Material: PVC. – Diámetro: 11/2” – 2” – Rollos x 32 mts. – Presión de trabajo: Hasta 5-6 Bar. – Presión de rotura: 15-19 Bar.
462202e3-b41d-4633-963e-1cd01906e54c,img:fogger-valvula-antigoteo-conector-a-tuberia-pe,,Fogger + válvula antigoteo + conector a tubería PE,fogger-valvula-antigoteo-conector-a-tuberia-pe,9b0b7934-4fdc-4f19-9896-32acc26d0eaa,,https://surerain.com/catalogo?producto=fogger-valvula-antigoteo-conector-a-tuberia-pe,1,9ad039d39c9e715f47213f0c7c5a2612cfdc95e64aebfeb37109a351d78d778b,2026-08-13T22:03:21.631Z,2026-08-13T22:15:34.706Z,Descripción técnica Fogger + válvula antigoteo + conector a tubería PE Caudal 7 l/h
d82c73dc-1627-4c74-ae11-3fa6394b7014,img:fogger-valvula-antigoteo-conector-rm-1-2,,Fogger + válvula antigoteo + conector RM 1/2”,fogger-valvula-antigoteo-conector-rm-1-2,9b0b7934-4fdc-4f19-9896-32acc26d0eaa,,https://surerain.com/catalogo?producto=fogger-valvula-antigoteo-conector-rm-1-2,1,9946063560c30529abd6943099db1052e94c4ed65023882201eabdf443e1904d,2026-08-13T22:03:34.454Z,2026-08-13T22:15:34.706Z,Fogger + válvula antigoteo + conector RM 1/2” Caudal 7 l/h
ef67b9f2-5188-4a27-abb9-f26dc2d4bc6a,img:super-fogger-con-valvula-y-conector-a-pe-incorporado,,Súper fogger con válvula y conector a PE incorporado,super-fogger-con-valvula-y-conector-a-pe-incorporado,9b0b7934-4fdc-4f19-9896-32acc26d0eaa,,https://surerain.com/catalogo?producto=super-fogger-con-valvula-y-conector-a-pe-incorporado,1,6b05042b513860756b1f785f292fd18da7048a3c741fb80da4b4bc93c3297f24,2026-08-13T22:03:34.454Z,2026-08-13T22:15:34.706Z,Súper fogger con válvula y conector a PE incorporado Caudal 13 l/h
bc6772e6-4be2-4a3f-9556-14ead8b971f0,img:adaptador-rosca-macho-p-fogger,,Tavlit Adapt 1/2 – Adaptador rosca macho para fogger,tavlit-adapt-1-2-adaptador-rosca-macho-para-fogger,7befb83d-0e79-47eb-b642-a75e4a804082,,https://surerain.com/catalogo?producto=tavlit-adapt-1-2-adaptador-rosca-macho-para-fogger,1,ce397e2b84f8d0db888a36c91e6edaff819bb026a6cfd6699590d03106487fdf,2026-08-13T22:03:34.454Z,2026-08-13T22:15:34.706Z,Adaptador rosca macho 1/2″ p/fogger
0db021f2-a73a-44f1-af76-ae9e0316d346,img:fogger-o-humidificador-2,,Fogger o humidificador – 6 l/h y 8 l/h,fogger-o-humidificador-6-l-h-y-8-l-h,7befb83d-0e79-47eb-b642-a75e4a804082,,https://surerain.com/catalogo?producto=fogger-o-humidificador-6-l-h-y-8-l-h,1,af9f47d2ae9ece38c1fbe78c9abfb6cc13fb789d34ff15c963ae3ae958878a79,2026-08-13T22:03:34.454Z,2026-08-13T22:15:34.706Z,Características: + Posée un diseño novedoso (vórtex) que permite la formación de pequeñas gotas. + De fácil instalación y mantenimiento.
6417cdac-e233-4544-92d8-3abb4d62fe30,img:miniaspersor-circular-vyr-3250,VYR-3250,VYR-3250 Miniaspersor circular,vyr-3250-miniaspersor-circular,215bba8e-a979-4655-a510-a3b40112eb80,,https://surerain.com/catalogo?producto=vyr-3250-miniaspersor-circular,1,d650b0ceb0785b9fe4cda93586fd0a278da2c0ad8abf62ca7c708b7eb3dae0d4,2026-08-13T22:03:34.454Z,2026-08-13T22:15:34.706Z,Características generales: • Conexión macho de 1/2”. • Fabricado en plástico Delrin. • Juntas de rotación de alta resistencia. • Boquillas en códigos de diferentes colores. Especificaciones técnicas:
83171747-8c03-4119-822d-844af0331618,img:vyr-3264-miniaspersor-circular,VYR-3264,VYR-3264 Miniaspersor circular,vyr-3264-miniaspersor-circular,215bba8e-a979-4655-a510-a3b40112eb80,,https://surerain.com/catalogo?producto=vyr-3264-miniaspersor-circular,1,a3be650736c53d552fdbee4b6fba290e16d0eb41099dc36da80f5546d86aea81,2026-08-13T22:03:34.454Z,2026-08-13T22:15:34.706Z,Características generales: • Conexión macho de 1/2”. • Fabricado en plástico Delrin. • Juntas de rotación de alta resistencia. • Boquillas en códigos de diferentes colores. Especificaciones técnicas:
ac599745-bd1e-49fe-937f-fc62cd4be31e,img:vyr-3260-azul-miniaspersor-circular,VYR-3260,VYR-3260 AZUL Miniaspersor circular,vyr-3260-azul-miniaspersor-circular,215bba8e-a979-4655-a510-a3b40112eb80,,https://surerain.com/catalogo?producto=vyr-3260-azul-miniaspersor-circular,1,3a2b3d3e7d80c7be4e468cd288809b87888a2461f22db11a288de7dcb68c8a28,2026-08-13T22:03:34.454Z,2026-08-13T22:15:34.706Z,Características generales: • Conexión macho de 1/2”. • Fabricado en plástico Delrin. • Juntas de rotación de alta resistencia. • Boquillas en códigos de diferentes colores. Especificaciones técnicas:
8580a87a-69bc-4ff8-b99b-39e258e96db5,img:vyr-3260-rojo-miniaspersor-circular,VYR-3260,VYR-3260 ROJO Miniaspersor circular,vyr-3260-rojo-miniaspersor-circular,215bba8e-a979-4655-a510-a3b40112eb80,,https://surerain.com/catalogo?producto=vyr-3260-rojo-miniaspersor-circular,1,7f4b3c1c1c65c6e623cdbb6ec7d45a9084903250f5bbbd13fe08f7afd5f3440c,2026-08-13T22:03:34.454Z,2026-08-13T22:15:34.706Z,Características generales: • Conexión macho de 1/2”. • Fabricado en plástico Delrin. • Juntas de rotación de alta resistencia. • Boquillas en códigos de diferentes colores. Especificaciones técnicas:
85b5d3b4-238b-46d8-864c-c93725e1063b,img:mist-o-nebulizador-320-sin-conector,,"Mist o Nebulizador, 320°, sin conector – 4191",mist-o-nebulizador-320-sin-conector-4191,7befb83d-0e79-47eb-b642-a75e4a804082,,https://surerain.com/catalogo?producto=mist-o-nebulizador-320-sin-conector-4191,1,22de04f26a3036ba8c51c0adca7b426f009249fe76f2639e066e1dbbc7e01523,2026-08-13T22:03:34.454Z,2026-08-13T22:15:34.706Z,"Los nebulizadores Tavlit (Israel) mantienen una humedad constante, reducen las temperaturas y crean las condiciones de microclima apropiadas."
7fe8248e-4bda-42e1-950b-24faee81bda6,img:microaspersor-de-uso-invertido-360-sin-conector,,"Microaspersor de uso invertido 360°, sin conector – 866",microaspersor-de-uso-invertido-360-sin-conector-866,7befb83d-0e79-47eb-b642-a75e4a804082,,https://surerain.com/catalogo?producto=microaspersor-de-uso-invertido-360-sin-conector-866,1,d11da51b682037dd58f597a3a71dc1f09a0869fbc4eb51bb07663b05897a2d25,2026-08-13T22:03:34.454Z,2026-08-13T22:15:34.706Z,"Características: + Modelo para riego invertido. + Emisor sin puente. + Excelente distribución uniforme del agua en la posición invertida, en riego solapado."
3e5d3a4d-3078-4b1c-b241-d74d6b6eaa15,img:kit-estaca-microjet-360-tubin-conector-inicial,,Kit Estaca + Microjet 360° + Tubin + Conector inicial,kit-estaca-microjet-360-tubin-conector-inicial,e61d87b4-93df-4d0c-afed-89835b844de1,,https://surerain.com/catalogo?producto=kit-estaca-microjet-360-tubin-conector-inicial,1,fbe940076b91572cf9ddf7029e8913262c331a973b3ac844226a80a421a88b8d,2026-08-13T22:03:34.454Z,2026-08-13T22:15:34.706Z,"CARACTERÍSTICAS: Característica: – Microjet: Angulo 360° – Caudal: 45 l/h. – Fabricado en material plástico. Incluye: – Estaca plástica – Tubin: 4 x 7 mm – Conector inicial. Medidas disponibles: Estaca 33 cm, tubin 50 cm, microjet 360°."
2d3c5c98-b69f-4521-ae5c-3e3882888a22,img:microaspersor-giratorio-360-sin-conector-801,,"Microaspersor giratorio 360°, sin conector – 801",microaspersor-giratorio-360-sin-conector-801,7befb83d-0e79-47eb-b642-a75e4a804082,,https://surerain.com/catalogo?producto=microaspersor-giratorio-360-sin-conector-801,1,00e209ec91ebfee6799ec7d9b94ba1f4cba80a075c00136c5ad722daddc5e927,2026-08-13T22:03:34.454Z,2026-08-13T22:15:34.706Z,"Características: + Gran diámetro de mojado desde 5,0 hasta 10,5 m. + Propulsión potente. + Presión de trabajo óptima de 1,4 Atm para riego con un solo emisor y 2,0 Atm en riego solapado para espacios de hasta 5×5 m."
2fe66a13-452c-4226-b86d-e4f7630031e1,img:valvula-antigoteo-para-fogger,,Válvula antigoteo para fogger,valvula-antigoteo-para-fogger,9b0b7934-4fdc-4f19-9896-32acc26d0eaa,,https://surerain.com/catalogo?producto=valvula-antigoteo-para-fogger,1,b230d6f79685f627c6c0f2adca7f7c191d13fbb3a241eccfd1743e1beb13e589,2026-08-13T22:03:34.454Z,2026-08-13T22:15:34.706Z,Válvula antigoteo para fogger
02009cf4-6b55-488b-9557-3113a4bd4b50,img:valvula-antigoteo-530x-para-fogger,,Válvula antigoteo 530X para fogger,valvula-antigoteo-530x-para-fogger,7befb83d-0e79-47eb-b642-a75e4a804082,,https://surerain.com/catalogo?producto=valvula-antigoteo-530x-para-fogger,1,a6dc525d71611195fb9db1acd8906c62f449f131a75e51ecffb1680f64e2af42,2026-08-13T22:03:34.454Z,2026-08-13T22:15:34.706Z,Válvula antigoteo 530X para fogger – MIAG00530-X-2.5
ec960c1d-0a7d-430a-867c-e09a5b3d3a0a,img:valvula-antigoteo-530,,Válvula antigoteo 530L para microaspersores,valvula-antigoteo-530l-para-microaspersores,7befb83d-0e79-47eb-b642-a75e4a804082,,https://surerain.com/catalogo?producto=valvula-antigoteo-530l-para-microaspersores,1,9dadfc174b7df617d8cf7aef183297b05865d789379a52be29d1378205894ecd,2026-08-13T22:03:34.454Z,2026-08-13T22:15:34.706Z,"La Válvula Antigoteo 53O es una válvula interruptora que se abre cuando se incrementa la presión al abrir el agua, y que se cierra cuando la presión cae al cerrar el agua."
b8c4baa8-ced1-4c50-b2e5-d171b1d0f6fc,img:estaca-plastica-para-microaspesores,,Estaca plástica para microaspesores,estaca-plastica-para-microaspesores,502c1968-e603-4c9a-997c-a295179fde97,,https://surerain.com/catalogo?producto=estaca-plastica-para-microaspesores,1,7c8e93261c223a4047b98f79ceca9cdf8ea0380c0442da1464c7e715e66d4ba3,2026-08-13T22:03:34.454Z,2026-08-13T22:15:34.706Z,Descripción técnica: – MIRSESTACA/60CM – Estaca plástica para microaspersores de 60 cm
1a8f1dbb-dfed-44fb-98c1-74f5461b0fa6,img:estaca-plastica-c-microtubo,,Assembly 670 – Estaca plástica con microtubo y conector,assembly-670-estaca-plastica-con-microtubo-y-conector,7befb83d-0e79-47eb-b642-a75e4a804082,,https://surerain.com/catalogo?producto=assembly-670-estaca-plastica-con-microtubo-y-conector,1,d23ad0e18a8251546834afd9cc144a2d66c8c05cd0e2e62b47133f2d499d7aba,2026-08-13T22:03:34.454Z,2026-08-13T22:15:34.706Z,Estaca plástica de 35 cm con microtubo (60 cm) y conector
5ac5a636-5f49-488f-96fc-7cea09824c8e,img:plunger-roscado-p-componentes-macho,,Tavlit 1082-7 – Conector rosca hembra – macho,tavlit-1082-7-conector-rosca-hembra-macho,7befb83d-0e79-47eb-b642-a75e4a804082,,https://surerain.com/catalogo?producto=tavlit-1082-7-conector-rosca-hembra-macho,1,4afe7fb715fea8c46861425a04e740fc0c0a8ea519c8ac2a0835c619ee91200c,2026-08-13T22:03:34.454Z,2026-08-13T22:15:34.706Z,Conector rosca hembra 1/2” para componentes macho
e7a648b1-ff9e-4d17-be70-1deca4747993,img:plunger-roscado-p-componentes-hembra,,Tavlit 1082-4 – Conector rosca hembra – hembra,tavlit-1082-4-conector-rosca-hembra-hembra,7befb83d-0e79-47eb-b642-a75e4a804082,,https://surerain.com/catalogo?producto=tavlit-1082-4-conector-rosca-hembra-hembra,1,3e552ef2cd75f989a76a067b726c7b67983dbbfb899f29eb91ff8a7f7fd9c0ea,2026-08-13T22:03:34.454Z,2026-08-13T22:15:34.706Z,Conector rosca hembra 1/2” para componentes hembra
8a04a6b0-6381-4597-ace9-01dc3bafa84b,img:pd-0800,PD-0800,PD-0800 Microjet 360°,pd-0800-microjet-360,e61d87b4-93df-4d0c-afed-89835b844de1,,https://surerain.com/catalogo?producto=pd-0800-microjet-360,1,41be4feef9439c69717dc267029a1f9fbc752f121687b3e1f4ecb68cdfbd161f,2026-08-13T22:03:34.454Z,2026-08-13T22:15:34.706Z,"CARACTERÍSTICAS: Microject 360° Caudal: 53 l/h Radio: 1,8 m"
e224aaec-74ca-4c2b-86af-9410a9b05997,img:pd-0900,PD-0900,PD-0900 Microjet 180°,pd-0900-microjet-180,e61d87b4-93df-4d0c-afed-89835b844de1,,https://surerain.com/catalogo?producto=pd-0900-microjet-180,1,436c4197b2b29a2bd8f93f1593eb50361ace69da3d783bedcefd325804e0527b,2026-08-13T22:03:34.454Z,2026-08-13T22:15:34.706Z,"CARACTERÍSTICAS: Microject 180° Caudal: 53 l/h Radio: 1,8 m"
a2994da3-96dd-433d-a309-e63a706028b7,img:pd-1000,PD-1000,PD-1000 Microjet 90°,pd-1000-microjet-90,e61d87b4-93df-4d0c-afed-89835b844de1,,https://surerain.com/catalogo?producto=pd-1000-microjet-90,1,f03ea02c51568fd62887d3b63042da364d11511c6b1074015394381cccb8fa6f,2026-08-13T22:03:34.454Z,2026-08-13T22:15:34.706Z,"CARACTERÍSTICAS: Microject 90° Caudal: 53 l/h Radio: 1,8 m"
dc7a73ba-abc2-4704-b428-3dfbc197a561,img:pd-1403-pd-1503,PD-1403,PD-1403 Microjet-estaca 360°,pd-1403-microjet-estaca-360,e61d87b4-93df-4d0c-afed-89835b844de1,,https://surerain.com/catalogo?producto=pd-1403-microjet-estaca-360,1,c407e9fef1a60278d656ebd1c87ab629d59598996f3075ed209f3bdbf8c7021a,2026-08-13T22:03:34.454Z,2026-08-13T22:15:34.706Z,CARACTERÍSTICAS: PD-1403 Micro 360° Caudal: 0-38 l/h Radio: 0-45 cm -Fabricado en material plástico. Nota: Sólo hace falta agregar la cantidad necesaria de tubería de 4 mm (microtubo)
e706baee-f210-4344-aeb8-7240787a8da6,img:pd-1503,PD-1503,PD-1503 Microjet-estaca 180°,pd-1503-microjet-estaca-180,e61d87b4-93df-4d0c-afed-89835b844de1,,https://surerain.com/catalogo?producto=pd-1503-microjet-estaca-180,1,11a4457e687a189b3ceffe9bff0febc9c1e21c175c0e6e0ba0d65c7f1503fc4d,2026-08-13T22:03:34.454Z,2026-08-13T22:15:34.706Z,CARACTERÍSTICAS: PD-1503 Micro 180° Caudal: 0-38 l/h Radio: 0-30 cm -Fabricado en material plástico. Nota: Sólo hace falta agregar la cantidad necesaria de tubería de 4 mm (microtubo)
0fb14667-2ff0-487d-ac18-ff7c3ea0daf9,img:pd-0850,PD-0850,PD-0850 Microject con válvula 360°,pd-0850-microject-con-valvula-360,e61d87b4-93df-4d0c-afed-89835b844de1,,https://surerain.com/catalogo?producto=pd-0850-microject-con-valvula-360,1,b7cf1ad9380b0db9655c67e30aa13969f51a5c8ed6c329fca19a480a0470c892,2026-08-13T22:03:34.454Z,2026-08-13T22:15:34.706Z,"CARACTERÍSTICAS: Microject con válvula 360° Caudal: 53 l/h Radio: 1,8 m"
bf500f7e-1f2f-4a98-8b2d-f721004b98f4,img:pd-1050,PD-1050,PD-1050 Microject con válvula 90°,pd-1050-microject-con-valvula-90,e61d87b4-93df-4d0c-afed-89835b844de1,,https://surerain.com/catalogo?producto=pd-1050-microject-con-valvula-90,1,ce1bc97047610c377c2e6dd62e651a7b3d7f0b172d21f63e9f6086da4180cafb,2026-08-13T22:03:34.454Z,2026-08-13T22:15:34.706Z,"CARACTERÍSTICAS: Microject con válvula 90° Caudal: 53 l/h Radio: 1,8 m"
afa654da-20a6-4b22-a114-d369354db5e2,img:pd-0700,PD-0700,PD-0700 Microaspersor 180°,pd-0700-microaspersor-180,e61d87b4-93df-4d0c-afed-89835b844de1,,https://surerain.com/catalogo?producto=pd-0700-microaspersor-180,1,312ad44eb17ec47c2f7499e1258218fdf40b9b59e7b1ae91c37f1b622e89dd3e,2026-08-13T22:03:34.454Z,2026-08-13T22:15:34.706Z,"CARACTERÍSTICAS: Microaspersor 180° Caudal: 68 l/h Radio: 2,75 m"
e7092de1-3141-4149-b093-cc9270428850,img:fogger-o-humidificador,VS772,VS772 Fogger o humidificador,vs772-fogger-o-humidificador,9b0b7934-4fdc-4f19-9896-32acc26d0eaa,,https://surerain.com/catalogo?producto=vs772-fogger-o-humidificador,1,2c3bfbbf691d087c2a38c316167722b2c18deb4764005b3827d721669f826e9b,2026-08-13T22:03:34.454Z,2026-08-13T22:15:34.706Z,Fogger o humidificador Caudal 7 l/h
26ffc8b8-b8c9-40ab-9224-ceb7eaf8641a,img:puente-o-mariposa-para-fogger-a-tuberia-pe,,"Puente o mariposa para fogger, a tuberia PE",puente-o-mariposa-para-fogger-a-tuberia-pe,9b0b7934-4fdc-4f19-9896-32acc26d0eaa,,https://surerain.com/catalogo?producto=puente-o-mariposa-para-fogger-a-tuberia-pe,1,65441f656cc170b7d59dcbef198199322b5f77ab5d28f6836d6b3dc7caed4c34,2026-08-13T22:03:34.454Z,2026-08-13T22:15:34.706Z,"Puente o mariposa para fogger, conexión a tuberia PE"
05a9ebde-f300-4d00-bafd-9c6671754dca,img:puente-o-mariposa-para-fogger-rm-1-2,,Puente o mariposa para fogger RM 1/2”,puente-o-mariposa-para-fogger-rm-1-2,9b0b7934-4fdc-4f19-9896-32acc26d0eaa,,https://surerain.com/catalogo?producto=puente-o-mariposa-para-fogger-rm-1-2,1,0f759ad0939b369ffaba0de42235cc296963c55f3149a731b4286926e3ba601f,2026-08-13T22:03:34.454Z,2026-08-13T22:15:34.706Z,"Puente o mariposa para fogger, RM 1/2”"
68668460-38b1-4942-b667-50c99f5bd3f9,img:miniaspersor-rosca-hembra-1-2,,Tavlit 920 Miniaspersor RH 1/2”,tavlit-920-miniaspersor-rh-1-2,7befb83d-0e79-47eb-b642-a75e4a804082,,https://surerain.com/catalogo?producto=tavlit-920-miniaspersor-rh-1-2,1,ca9791f59e69c84234f5094a6171e42362e5d1634d2225f1f93dbf71eeced535,2026-08-13T22:03:34.454Z,2026-08-13T22:15:34.706Z,"Miniaspersor, rosca hembra 1/2” AGRIDOR 920-1/2-180 Caudal: 180 l/h Presión Bar: 2,1-2,6 Ángulo: 360° Diámetro: 7 metros AGRIDOR 920-1/2-300 Caudal: 300 l/h Presión Bar: 2,1-2,6 Ángulo: 360° Diámetro: 8 metros"
a8bdb39e-612b-4533-988f-af1cc30e5308,img:miniaspersor-circular-no-incluye-conector,,Tavlit 961 Miniaspersor circular,tavlit-961-miniaspersor-circular,7befb83d-0e79-47eb-b642-a75e4a804082,,https://surerain.com/catalogo?producto=tavlit-961-miniaspersor-circular,1,d6ba7f95e97d9e209daa54f61dc739e81e8b809a06d0788e2332ca2bbf1bf2a5,2026-08-13T22:03:34.454Z,2026-08-13T22:15:34.706Z,"Miniaspersor circular, no incluye conector AGRIDOR 961-120 Caudal: 120 l/h Presión Bar: 2,0 Ángulo: 360° Diámetro: 7 metros"
f54047e9-5df3-41db-b3c3-6b5ee59569b3,img:miniaspersor-sectorizable-sin-conector,,Tavlit 961P Miniaspersor sectorizable,tavlit-961p-miniaspersor-sectorizable,7befb83d-0e79-47eb-b642-a75e4a804082,,https://surerain.com/catalogo?producto=tavlit-961p-miniaspersor-sectorizable,1,117c92b0c109c7fc2045bcc0e68101a9d5aef42610a1bf8df6370d1aea39b1ec,2026-08-13T22:03:34.454Z,2026-08-13T22:15:34.706Z,"Miniaspersor sectorizable, no incluye conector AGRIDOR 961P-120 Caudal: 120 l/h Presión Bar: 2,0 Ángulo: 15-360° Diámetro: 6 metros"
1505d5fb-7cca-4e17-9d1b-a3ddb7beeec1,img:vs776-puente-para-fogger-4-salidas,VS776,VS776 Puente para fogger 4 salidas,vs776-puente-para-fogger-4-salidas,9b0b7934-4fdc-4f19-9896-32acc26d0eaa,,https://surerain.com/catalogo?producto=vs776-puente-para-fogger-4-salidas,1,0414c97e2c761101135b47d1d48991e0c7a4fc8921b4b6a760a85a8e83d9ee32,2026-08-13T22:03:34.454Z,2026-08-13T22:15:34.706Z,Puente para fogger de 4 salidas
21b5db29-25ef-41dc-a319-cb020e2867ec,img:miniaspersor-plastico-a-bolilla-assr-8503,ASSR-8503,ASSR 8503 Miniaspersor plástico circular,assr-8503-miniaspersor-plastico-circular,ada680ba-9c5e-4b51-9441-bef501040fd1,,https://surerain.com/catalogo?producto=assr-8503-miniaspersor-plastico-circular,1,9c59172ae7227f08ccbb0843d0543ae364ecd94eb8f9f136e9d58dcc17451c3f,2026-08-13T22:03:34.454Z,2026-08-13T22:15:34.706Z,"CARACTERÍSTICAS: – Aspersores rotativos helicoidales circular – Conexión de 1/2” rosca macho – Fabricado en plástico Delrin – Plástico de alta resistencia a la corrosión, a productos químicos y a UV – Excelente y uniforme distribución – Boquillas codificadas por colores para una fácil identificación…"
603d7b4b-7da1-486f-8ff1-2e75d995bf6a,img:sacabocados,,Sacabocado 3mm,sacabocado-3mm,e61d87b4-93df-4d0c-afed-89835b844de1,,https://surerain.com/catalogo?producto=sacabocado-3mm,1,9edf0ba7d307fe02a3f8e02d08323263363852aa1b8a7770a7d00b599eeadea6,2026-08-13T22:03:34.454Z,2026-08-13T22:15:34.706Z,Sacabocados 3mm
a2f1d2c0-d760-4c30-a4d1-f3f7ce010f2f,img:mecha-sacabocado,,Mecha Sacabocado,mecha-sacabocado,e61d87b4-93df-4d0c-afed-89835b844de1,,https://surerain.com/catalogo?producto=mecha-sacabocado,1,1077a506035057cc47e7e9cbeafab7567ce024464d62bd28ddb32c5a988134ed,2026-08-13T22:03:34.454Z,2026-08-13T22:15:34.706Z,MECHA SACABOCADO Medidas disponibles: 14 y 16 mm
2ee54909-6b13-4504-a70a-4164a86fb646,img:copa-sacabocado,,Copa Sacabocado,copa-sacabocado,e61d87b4-93df-4d0c-afed-89835b844de1,,https://surerain.com/catalogo?producto=copa-sacabocado,1,6aa00136c32886cee1a337a5e7d9ded6239fe22a61edd52cac035b8010999fe7,2026-08-13T22:03:34.454Z,2026-08-13T22:15:34.706Z,COPA SACABOCADO Medida disponible: 16mm
14508a69-33f7-410c-8737-f9bbef566b0d,img:plun-plunger,,Tavlit PLUN – Plunger,tavlit-plun-plunger,7befb83d-0e79-47eb-b642-a75e4a804082,,https://surerain.com/catalogo?producto=tavlit-plun-plunger,1,05c375910e76909e0a99fb8be093fc6afbd73ff0545484af768fd0dbe0d1af51,2026-08-13T22:03:34.454Z,2026-08-13T22:15:34.706Z,Conector para componentes macho a tuberia de PE
d949f053-1ac4-4141-8837-82281065e940,img:plunm-plunger,,Tavlit PLUNM – Plunger,tavlit-plunm-plunger,7befb83d-0e79-47eb-b642-a75e4a804082,,https://surerain.com/catalogo?producto=tavlit-plunm-plunger,1,70110ebf8b4f3dd44f8b08b75e972a4021c4de844433153a11cf2ae709c72563,2026-08-13T22:03:34.454Z,2026-08-13T22:15:34.706Z,Conector para componentes hembra a tuberia de PE
a14e1da8-8601-427f-bf96-6c34f3f20fb2,img:plun-1-4,,Tavlit PLUN 1/4,tavlit-plun-1-4,7befb83d-0e79-47eb-b642-a75e4a804082,,https://surerain.com/catalogo?producto=tavlit-plun-1-4,1,0eb2088cb39a532a3b38bcc322d970785f8237c316ae2eb4c8f6d8810cc14106,2026-08-13T22:03:34.454Z,2026-08-13T22:15:34.706Z,Conector rosca 1/4” para componentes macho a tubería de PVC
59c38014-5b49-460a-991a-44ed8137a63d,img:tavlit-plun-3-8,,Tavlit PLUN 3/8,tavlit-plun-3-8,7befb83d-0e79-47eb-b642-a75e4a804082,,https://surerain.com/catalogo?producto=tavlit-plun-3-8,1,52e24d7e2313437e7853c51b8de6d50a72d95f2324e80e42af914e3276c2e76b,2026-08-13T22:03:34.454Z,2026-08-13T22:15:34.706Z,Conector rosca 3/8” para componentes macho a tubería de PVC
0b63b8f1-d41b-4a05-9e40-df361bafc30e,img:996-020-01-01-996-030-01-01,,Anilla plástica para filtros Erhas – 2″ y 3″,anilla-plastica-para-filtros-erhas-2-y-3,e4f4c451-ad9f-4226-b690-645ba9809cd4,,https://surerain.com/catalogo?producto=anilla-plastica-para-filtros-erhas-2-y-3,1,75d611abe8567e9e7d11de4331606171eaebb4ab8296f89d1a98b21b9acbc556,2026-08-13T22:03:21.631Z,2026-08-13T22:15:34.706Z,"996-020-01-01 Anilla de repuesto para filtro 2” y 3” corto 130 Mic. 996-030-01-01 Anilla de repuesto para filtro 2”, 3” y 4″ largo 130 Mic."
fcfad2e4-e45a-45bb-9bea-5f5a0c322736,img:filtro-tipo-t-de-anilla-plastica-greenplains,,Filtro tipo T de anilla plástica GreenPlains,filtro-tipo-t-de-anilla-plastica-greenplains,4f0fc334-1ad2-40f8-a8dc-044492fbbbb7,,https://surerain.com/catalogo?producto=filtro-tipo-t-de-anilla-plastica-greenplains,1,7a087fd1dca9c2fe1c767095970efccaf5800f61ea913158cd95df8708638c51,2026-08-13T22:03:34.454Z,2026-08-13T22:15:34.706Z,
c14eb2e2-364d-448b-9d47-ca62ea03471b,img:filtro-tipo-y-de-anilla-plastica-greenplains,,Filtro tipo Y de anilla plástica GreenPlains,filtro-tipo-y-de-anilla-plastica-greenplains,4f0fc334-1ad2-40f8-a8dc-044492fbbbb7,,https://surerain.com/catalogo?producto=filtro-tipo-y-de-anilla-plastica-greenplains,1,f2359336334877bc9bc89ebab6e8bcf4ba8837cbd086102d3630cb3067a2db2b,2026-08-13T22:03:34.454Z,2026-08-13T22:15:34.706Z,
24ad5a42-ff52-4655-a3db-9a53d1d2ba8e,img:filtro-tipo-y-plastico-anilla-plastica,,"Filtro tipo Y plástico, anilla plástica",filtro-tipo-y-plastico-anilla-plastica,ada680ba-9c5e-4b51-9441-bef501040fd1,,https://surerain.com/catalogo?producto=filtro-tipo-y-plastico-anilla-plastica,1,b74390cb26ae14b381bcf8bce369d38711db4d59f017aa39289ecff6ef36738c,2026-08-13T22:03:34.454Z,2026-08-13T22:15:34.706Z,"Los filtros de anillas se encuentran disponibles en las siguientes medidas : ¾», 1″, 1 ¼», 1 ½», 2″ y 2″ largo. Cuentan en su extremo con tapón de desagüe (en caso que se utilicen con filtro de malla de repuesto). Todas las versiones son de 130 micrones."
ba6b3738-d7d7-41f4-a2b9-a46c79d8f51b,img:filtro-tipo-t-plastico-anilla-plastica,,"Filtro tipo T plástico, anilla plástica",filtro-tipo-t-plastico-anilla-plastica,ada680ba-9c5e-4b51-9441-bef501040fd1,,https://surerain.com/catalogo?producto=filtro-tipo-t-plastico-anilla-plastica,1,d2fae53c58e45ae8610d950f0c23c5d9dcf6bed2fce6c6ac45e86ad4654926df,2026-08-13T22:03:34.454Z,2026-08-13T22:15:34.706Z,"CARACTERÍSTICAS: – Disponibles en 3″ rosca macho, con tapón de purga y toma para manómetro. – Cuerpo de nylon reforzado con fibra de vidrio. – Elemento filtrante, anillas de 130 micrones. – Cierre metálico. – Caudal máximo de filtrado: 45 m3/h, con pérdida de carga de 0,3 bar. – Presión máxima: 10 bar."
859199e3-94c9-4409-a43c-4e23f84e4027,img:filtro-automatico-en-t-anillas,,"Filtro tipo T plástico, anilla plástica, automático",filtro-tipo-t-plastico-anilla-plastica-automatico,ada680ba-9c5e-4b51-9441-bef501040fd1,,https://surerain.com/catalogo?producto=filtro-tipo-t-plastico-anilla-plastica-automatico,1,36b1f3613c1e1101567390b2b5796233efbdc1177259590e9c71d026e27d2849,2026-08-13T22:03:34.454Z,2026-08-13T22:15:34.706Z,"CARACTERÍSTICAS: – Disponibles en 3″ rosca macho, con tapón de purga y toma para manómetro. – Cuerpo de nylon reforzado con fibra de vidrio. – Elemento filtrante, anillas de 130 micrones. – Cierre metálico. – Caudal máximo de filtrado: 35 m3/h, con pérdida de carga de 0,20 bar. – Presión máxima: 10 bar."
9f7d4c33-5322-446f-b5c9-357170916372,img:anilla,,Anilla de repuesto,anilla-de-repuesto,ada680ba-9c5e-4b51-9441-bef501040fd1,,https://surerain.com/catalogo?producto=anilla-de-repuesto,1,433281b65bb33cd1fb5ca66d4340a635152b0f7ad5289aec82ffaf2c8a67e3f5,2026-08-13T22:03:34.454Z,2026-08-13T22:15:34.706Z,"– Anilla de repuesto para filtros Origen China de ¾ ,1” , 1 ¼”, 1 ½”, 2” y 2” largo. – Mic.: 130 – Elemento Filtrante: Anilla plástica"
b07edb3e-b9d6-4ce6-bdca-94ce96221c9c,img:20015-anilla,,"Filtro Alfa tipo Y – ¾”, 1”, 1 ¼”, anilla plástica",filtro-alfa-tipo-y-1-1-anilla-plastica,14b4f623-921c-43d0-84bd-6c67fca9e625,,https://surerain.com/catalogo?producto=filtro-alfa-tipo-y-1-1-anilla-plastica,1,7d5a64c166b09baeea6daeb635abfbb3a30381592c88e4ccf859086ecdb69108,2026-08-13T22:03:34.454Z,2026-08-13T22:15:34.706Z,"Filtro Alfa tipo Y plástico, anilla plástica. Los filtros de anillas se encuentran disponibles en las siguientes medidas: ¾”, 1”, 1 ¼”, cuentan en su extremo con tapón de desagüe. Todas las versiones son de 120 mesh."
5cb65a02-965b-4e81-96fd-4aa739a52829,img:20025-anilla,,"Filtro Alfa tipo Y – 1 ½” y 2”, anilla plástica",filtro-alfa-tipo-y-1-y-2-anilla-plastica,14b4f623-921c-43d0-84bd-6c67fca9e625,,https://surerain.com/catalogo?producto=filtro-alfa-tipo-y-1-y-2-anilla-plastica,1,e9dd9d49ad78de27e79b98e4f9ec992630e5d3e7eda8e73485083922ff5e4a7a,2026-08-13T22:03:34.454Z,2026-08-13T22:15:34.706Z,"Filtro Alfa tipo Y plástico, anilla plástica. Los filtros de malla se encuentran disponibles en las siguientes medidas: 1 ½” y 2”, cuentan en su extremo con tapón de desagüe. Todas las versiones son de 120 mesh."
501ac107-050c-40e3-bea9-4e5cfa68a44d,img:filtro-doble-cuerpo-corto-plastico-de-malla-y-anillas,,Filtro doble cuerpo corto plástico de malla y anillas,filtro-doble-cuerpo-corto-plastico-de-malla-y-anillas,4f0fc334-1ad2-40f8-a8dc-044492fbbbb7,,https://surerain.com/catalogo?producto=filtro-doble-cuerpo-corto-plastico-de-malla-y-anillas,1,98f03016832da80db7280914041eafacfc426ac345c017e457fbfd1b98f79cb1,2026-08-13T22:03:34.454Z,2026-08-13T22:15:34.706Z,En breve.
1d81a34d-92ab-463d-a266-0eb85534e17c,img:filtro-doble-cuerpo-largo-plastico-de-malla-y-anillas,,Filtro doble cuerpo largo plástico de malla y anillas,filtro-doble-cuerpo-largo-plastico-de-malla-y-anillas,4f0fc334-1ad2-40f8-a8dc-044492fbbbb7,,https://surerain.com/catalogo?producto=filtro-doble-cuerpo-largo-plastico-de-malla-y-anillas,1,1a20d8443707be7df2a3d4fd8f4fe824bf44abeadf7bc6a2bbc29a19b7656450,2026-08-13T22:03:34.454Z,2026-08-13T22:15:34.706Z,En breve.
5a9f2e8d-c2f2-4193-8790-9a6f1394cf71,img:filtro-automatico-doble-anillas,,"Filtro doble cuerpo plástico, anilla plástica, automático",filtro-doble-cuerpo-plastico-anilla-plastica-automatico,ada680ba-9c5e-4b51-9441-bef501040fd1,,https://surerain.com/catalogo?producto=filtro-doble-cuerpo-plastico-anilla-plastica-automatico,1,6c359f512d6b92866e0113390b867db766aaf9b6bab08131125bfc4217732f33,2026-08-13T22:03:34.454Z,2026-08-13T22:15:34.706Z,"CARACTERÍSTICAS: – Disponibles en 3″ rosca macho, con tapón de purga y toma para manómetro. – Cuerpo de nylon reforzado con fibra de vidrio. – Elemento filtrante, anillas de 130 micrones. – Cierre metálico. – Caudales máximos de filtrado: 70 m3/h, con pérdida de carga de 0,3 bar. – Presión máxima: 10 bar."
3053775a-8cbd-4a67-9049-3da5f53ffbaf,img:malla,,Malla de repuesto,malla-de-repuesto,ada680ba-9c5e-4b51-9441-bef501040fd1,,https://surerain.com/catalogo?producto=malla-de-repuesto,1,fe0fbde22bf646d127bb576d4f7a9326cdf2cdc4e2f9d071b64629aa5eb79500,2026-08-13T22:03:34.454Z,2026-08-13T22:15:34.706Z,"– Malla de repuesto para filtros Origen China de ¾ , 1” , 1 ¼”, 1 ½” , 2” y 2” largo. – Mic.: 130 – Elemento Filtrante: malla metálica"
ac558d90-82ba-464f-b6ed-fa69b9d26cca,img:rs-pd-9213,RSPD-9213,"RSPD-9213 Filtro en línea plástico, malla plástica, espiga x espiga",rspd-9213-filtro-en-linea-plastico-malla-plastica-espiga-x-espiga,14b4f623-921c-43d0-84bd-6c67fca9e625,,https://surerain.com/catalogo?producto=rspd-9213-filtro-en-linea-plastico-malla-plastica-espiga-x-espiga,1,dbc72c97b7e92a01417856990c601152802c22f4e210d1141ca6786c6468c496,2026-08-13T22:03:34.454Z,2026-08-13T22:15:34.706Z,"Filtro en línea plástico, malla plástica, espiga x espiga 16 mm. Diámetro: 16 mm Caudal máx. m3/h.: 2 Elemento filtrante: Malla, 130 mic"
0c17c6d7-7337-4cd7-833c-52146187b768,img:malla-100130-150130-200130,,Malla para filtros Alfa 100130 / 150130/ 200130,malla-para-filtros-alfa-100130-150130-200130,14b4f623-921c-43d0-84bd-6c67fca9e625,,https://surerain.com/catalogo?producto=malla-para-filtros-alfa-100130-150130-200130,1,0945868c38cd3bbb41fd726d7095c9f310e0867f3d48070f26d0144dfff21087,2026-08-13T22:03:34.454Z,2026-08-13T22:15:34.706Z,"100130 Malla de repuesto para filtros ALFA (3/4”, 1”, 1 1/4”) Mic.: 130 Sup.: 120 cm2 Elemento Filtrante: malla plástica 150130 Malla de repuesto para filtros ALFA (1 1/2”) Mic.: 130 Sup.: 215 cm2 Elemento Filtrante: malla plástica 200130 Malla de repuesto para filtros ALFA (2”) Mic.: 130 Sup.: 340 cm2 Elemento Filtrante: malla plástica"
f0320e63-e2dd-4227-b4f9-53d01d7d233d,img:anillas-100130-200130,,Anillas para filtros Alfa 100130 / 200130,anillas-para-filtros-alfa-100130-200130,14b4f623-921c-43d0-84bd-6c67fca9e625,,https://surerain.com/catalogo?producto=anillas-para-filtros-alfa-100130-200130,1,64bdfc5692b6a92b863dded5454190eb95c5e20df5aa21d5727385ac9133b03a,2026-08-13T22:03:34.454Z,2026-08-13T22:15:34.706Z,"100130 Anillas de repuesto para filtros ALFA (3/4”, 1”, 1 1/4”) Mic.: 130 Sup.: 185 cm2 Elemento Filtrante: anillas plásticas 200130 Anillas de repuesto para filtros ALFA (1 1/2”) Mic.: 130 Sup.: 490 cm2 Elemento Filtrante: anillas plásticas"
95006512-e83c-4d3a-a190-e4821a708c6d,img:20550-malla-metalica-anilla-y-anilla-votrix,,Filtro Alfa doble 20550 (malla/anilla/anilla vortix),filtro-alfa-doble-20550-malla-anilla-anilla-vortix,14b4f623-921c-43d0-84bd-6c67fca9e625,,https://surerain.com/catalogo?producto=filtro-alfa-doble-20550-malla-anilla-anilla-vortix,1,642363158db775de47450d8d8e05f368f2b5f3c70592e15146477db4e5d938ae,2026-08-13T22:03:34.454Z,2026-08-13T22:15:34.706Z,"El modelo 20550 se lo encuentra en la version de anillas, anillas con efecto Vortix (hidrociclon) y malla metálica. Todas las versiones estan provistas de tapa de desague y los cartuchos de filtrado son de 120 mesh."
d98000f2-9ebe-4b88-9c9c-c7be35339f59,img:filtro-alfa-tipo-t-2-anilla-plastica-con-hidrociclon,,"Filtro Alfa tipo T – 20535, (anilla/anilla vortix)",filtro-alfa-tipo-t-20535-anilla-anilla-vortix,14b4f623-921c-43d0-84bd-6c67fca9e625,,https://surerain.com/catalogo?producto=filtro-alfa-tipo-t-20535-anilla-anilla-vortix,1,7a6d63139139f664d3036ad0321fe74ab2808aa7e819822e233c710b33f85242,2026-08-13T22:03:34.454Z,2026-08-13T22:15:34.706Z,"El modelo 20535 se lo encuentra en la versión de anillas y anillas con efecto Vortix (hidrociclón). El sistema Vortix permite reducir el numero de lavados disminuyendo el consumo de agua y energía, esto es posible ya que posee un sistema por el cual el agua se traslada en forma helicoidal lo que fac…"
8e482b26-6fad-477c-8992-2930600ec093,img:anillas-20545-20540-50,,Anillas para filtros Alfa 20535/45/20540/50,anillas-para-filtros-alfa-20535-45-20540-50,14b4f623-921c-43d0-84bd-6c67fca9e625,,https://surerain.com/catalogo?producto=anillas-para-filtros-alfa-20535-45-20540-50,1,6addc57c6f03a67df8a54b4b91ba8be577a064103deda1ff72d781ec5890ce89,2026-08-13T22:03:34.454Z,2026-08-13T22:15:34.706Z,20545 Anillas de repuesto para filtros ALFA 20535-GTC y 20545-LTC Mic.: 130 Sup.: 878 cm2 Elemento Filtrante: anillas plásticas 20540/50 Anillas de repuesto para filtros ALFA 20540-GTL y 20550-LTL Mic.: 130 Sup.: 1245 cm2 Elemento Filtrante: anillas plásticas
d5a81d9b-4f15-4d60-8d3f-f42e97621d36,img:anillas-20535-45-20540-50-vortix,,Anillas filtros Alfa 20535/45/20540/50 (Vortix),anillas-filtros-alfa-20535-45-20540-50-vortix,14b4f623-921c-43d0-84bd-6c67fca9e625,,https://surerain.com/catalogo?producto=anillas-filtros-alfa-20535-45-20540-50-vortix,1,99c92decff3283c0a43f58d46eac0709150610009262bba33349091b45c42d27,2026-08-13T22:03:34.454Z,2026-08-13T22:15:34.706Z,"20535/45 (vortix) Anillas de repuesto, VORTIX, para filtros ALFA 20535-XG y 20545-XL Mic.: 130 Sup.: 878 cm2 Elemento Filtrante: anillas plásticas 20540/50 (vortix) Anillas de repuesto, VORTIX, para filtros ALFA 20540-XG y 20550-XL Mic.: 130 Sup.: 1245 cm2 Elemento Filtrante: anillas plásticas"
c5e93c01-0797-42b6-b93b-e4b9f4775fa8,img:20540-malla-anilla-anilla-vortix,,"Filtro Alfa tipo T – 20540, (malla/anilla/anilla vortix)",filtro-alfa-tipo-t-20540-malla-anilla-anilla-vortix,14b4f623-921c-43d0-84bd-6c67fca9e625,,https://surerain.com/catalogo?producto=filtro-alfa-tipo-t-20540-malla-anilla-anilla-vortix,1,5892b790b9764cbb9aa13feb556dec1fd673104da57a37a7bb22dbc4322c17be,2026-08-13T22:03:34.454Z,2026-08-13T22:15:34.706Z,"El modelo 20540 se lo encuentra en la versión de anillas, anillas con efecto Vortix (hidrociclón) y malla metálica."
f2960f6a-5dc8-40c9-b6e6-975869af750d,img:malla-20540-50,,Malla para filtros Alfa 20540/20550,malla-para-filtros-alfa-20540-20550,14b4f623-921c-43d0-84bd-6c67fca9e625,,https://surerain.com/catalogo?producto=malla-para-filtros-alfa-20540-20550,1,9fe0b2341cd99189c269426e007726a84699a3f7c50cf5b8533d99055d782f21,2026-08-13T22:03:34.454Z,2026-08-13T22:15:34.706Z,20540/20550 Malla de repuesto para filtros ALFA 20540 y 20550 (2” y 3”) Mic.: 130 Sup.: 1245 cm2 Elemento Filtrante: malla metálica
4a01b2cd-d4a5-4be0-b2d4-e483026b73c4,img:4608,,Filtro Alfa doble cuerpo 20545 (anilla/anilla vortix),filtro-alfa-doble-cuerpo-20545-anilla-anilla-vortix,14b4f623-921c-43d0-84bd-6c67fca9e625,,https://surerain.com/catalogo?producto=filtro-alfa-doble-cuerpo-20545-anilla-anilla-vortix,1,9a7e9809973a21e3275f14e4f4e8d70ae79181d40d385c4bf46511a10d06e7da,2026-08-13T22:03:34.454Z,2026-08-13T22:15:34.706Z,El modelo 20545 se lo encuentra en la versión de anillas y anillas con efecto Vortix (hidrociclón).
cc096411-56e7-4b52-9e5c-6547493bfb8e,img:33820122-33820123-33830122,Y-33820123,Filtro largo Palaplast tipo Y 33820123,filtro-largo-palaplast-tipo-y-33820123,01093daa-df84-45b2-b390-9e8760084893,,https://surerain.com/catalogo?producto=filtro-largo-palaplast-tipo-y-33820123,1,3a03036b522f4e82c85bcda3d93c5182d52b555029e3549cd6e3c5b761748572,2026-08-13T22:03:34.454Z,2026-08-13T22:15:34.706Z,"33820123 Filtro largo tipo Y plástico, malla metálica – Diámetro: 1” – Caudal máx m3/h: 6 – Elemento filtrante: malla metálica, 130 mic"
58394fd4-9747-45b9-aff1-9830409484c9,img:33850123-33850124,Y-33850123,Filtro largo Palaplast tipo Y 33850123/33850124,filtro-largo-palaplast-tipo-y-33850123-33850124,01093daa-df84-45b2-b390-9e8760084893,,https://surerain.com/catalogo?producto=filtro-largo-palaplast-tipo-y-33850123-33850124,1,60dad370357c14afb2db659041af082cb9a3ca64fb17d45778f06d24a824e675,2026-08-13T22:03:34.454Z,2026-08-13T22:15:34.706Z,"33850123 Filtro tipo Y plástico, malla metálica, c/ válvula purga – Diámetro: 1” – Caudal máx m3/h: 8 – Elemento filtrante: malla metálica, 130 mic 33850124 Filtro tipo Y plástico, malla metálica, c/ válvula purga – Diámetro: 1 1/4” – Caudal máx m3/h: 8 – Elemento filtrante: malla metálica, 130 mic"
4533a228-9c81-41a3-a8e7-77e5766a8e40,img:34810120,,Malla metálica Palaplast para 1″ corto – 34810120,malla-metalica-palaplast-para-1-corto-34810120,01093daa-df84-45b2-b390-9e8760084893,,https://surerain.com/catalogo?producto=malla-metalica-palaplast-para-1-corto-34810120,1,8781e3e68a2688277518a897c44fb445a16e9c8c02ee5d3570b0ab92a2fafa5a,2026-08-13T22:03:34.454Z,2026-08-13T22:15:34.706Z,34810120 Malla de repuesto p/1” corto Mic.: 130 Sup.: 55 cm2 Elemento Filtrante: malla metálica
be727505-da4f-4f08-bd4d-ab196ea58ad3,img:34811060-34811120-34822242,,Malla y Anilla Palaplast para 34811060/34811120/34822242,malla-y-anilla-palaplast-para-34811060-34811120-34822242,01093daa-df84-45b2-b390-9e8760084893,,https://surerain.com/catalogo?producto=malla-y-anilla-palaplast-para-34811060-34811120-34822242,1,06b112091befb24277ef637619b05a464f53befc5054bcbb51ed456c043c3867,2026-08-13T22:03:34.454Z,2026-08-13T22:15:34.706Z,34811060 Malla de repuesto p/ 3/4” y 1” largo Mic.: 250 Sup.: 90 cm2 Elemento Filtrante: malla metálica 34811120 Malla de repuesto p/ 3/4” y 1” largo Mic.: 130 Sup.: 90 cm2 Elemento Filtrante: malla metálica 34822242 Anilla de repuesto p/ 3/4” y 1” largo Mic.: 130 Sup.: 152 cm2 Elemento Filtrante: anillas plásticas
8199d656-4319-4e79-ba7b-dc6209bd673b,img:filtros-simples-en-t-y-dobles-de-malla-plastica-con-efecto-hidrociclon,,"Filtros Erhas cortos y largos en T, Malla metálica",filtros-erhas-cortos-y-largos-en-t-malla-metalica,e4f4c451-ad9f-4226-b690-645ba9809cd4,,https://surerain.com/catalogo?producto=filtros-erhas-cortos-y-largos-en-t-malla-metalica,1,24ff6070a83e2a33a127c9cb50810fbddbf9f64de35bdbcfebd54a09f4dd3b1f,2026-08-13T22:03:34.454Z,2026-08-13T22:15:34.706Z,CARACTERÍSTICAS: – Disponibles en : . Cuerpo simple corto de 2″ con tapón de purga y toma para manómetro.
6f0db755-04a3-433b-a891-d12b9cfa9fa9,img:filtros-dobles-erhas-cortos-y-largos-en-t-malla-metalica-copia,,"Filtros dobles Erhas cortos y largos, Malla",filtros-dobles-erhas-cortos-y-largos-malla,e4f4c451-ad9f-4226-b690-645ba9809cd4,,https://surerain.com/catalogo?producto=filtros-dobles-erhas-cortos-y-largos-malla,1,da958c121296429b1bf007df93b424181f226ceef00cf71a110d39ec72ee6999,2026-08-13T22:03:34.454Z,2026-08-13T22:15:34.706Z,"CARACTERÍSTICAS: – Cuerpo doble largo de 3″ con tapón de purga y toma para manómetro. – Cuerpo de naylon reforzado con fibra de vidrio. – Elemento filtrante, malla de 130 micrones con efecto hidrociclónico. – Cierre metálico. – 60 m3/h, con pérdida de carga de 0,3 bar. Presión máxima: 10 bar."
aef79dcf-2fdb-43e9-a04a-567c00787e98,img:filtros-erhas-cortos-y-largos-en-t-anilla-plastica,,"Filtros Erhas cortos y largos en T, Anilla plástica",filtros-erhas-cortos-y-largos-en-t-anilla-plastica,e4f4c451-ad9f-4226-b690-645ba9809cd4,,https://surerain.com/catalogo?producto=filtros-erhas-cortos-y-largos-en-t-anilla-plastica,1,ea2d40c0062b86d797daf2536c671ab02d6d096367e70e828c89bbea2c8fec50,2026-08-13T22:03:34.454Z,2026-08-13T22:15:34.706Z,"CARACTERÍSTICAS: – Disponibles en : . Cuerpo simple corto de 2″ y 3″ (entrada y salida roscada), con tapón de purga y toma para manómetro."
b074d426-53d5-4907-8838-2a00bb48eb72,img:filtros-dobles-erhas-cortos-y-largos-anilla-con-efecto-hidrociclon,,"Filtros dobles Erhas cortos y largos, Anilla con efecto hidrociclón",filtros-dobles-erhas-cortos-y-largos-anilla-con-efecto-hidrociclon,e4f4c451-ad9f-4226-b690-645ba9809cd4,,https://surerain.com/catalogo?producto=filtros-dobles-erhas-cortos-y-largos-anilla-con-efecto-hidrociclon,1,b87ad59b8279b0e687d169283bdf4eb0c5ef2c6d1f7b44756ffe1d1c78198fb9,2026-08-13T22:03:34.454Z,2026-08-13T22:15:34.706Z,"CARACTERÍSTICAS: – Disponibles en : . Cuerpo doble corto 3″ (entrada y salida roscada o victaulica), con tapón de purga y toma para manómetro."
ac3e183f-0952-4ed4-a3e9-c5e8654e0710,img:997-030-00-01-997-040-00-01,,Malla para filtros Erhas – 2″ y 3″,malla-para-filtros-erhas-2-y-3,e4f4c451-ad9f-4226-b690-645ba9809cd4,,https://surerain.com/catalogo?producto=malla-para-filtros-erhas-2-y-3,1,d6b47e4e002a27d37a38173ecc64680f0bd306b91189879b3187c0d75968325b,2026-08-13T22:03:34.454Z,2026-08-13T22:15:34.706Z,997-030-00-01 Malla de repuesto para filtro Erhas 2” y 3” corto 130 Mic. 997-040-00-01 Malla de repuesto para filtro Erhas 2” y 3” largo 130 Mic.
7dce5b04-8fe1-40fc-bf6e-3efb7c856fb1,img:hidrociclon-plastico-greenplains,,Hidrociclón plástico GreenPlains,hidrociclon-plastico-greenplains,e61d87b4-93df-4d0c-afed-89835b844de1,,https://surerain.com/catalogo?producto=hidrociclon-plastico-greenplains,1,6a034665a00b5933d399780bd053be35e33fb5fa717e57101f0abd23d7779554,2026-08-13T22:03:34.454Z,2026-08-13T22:15:34.706Z,"CARACTERÍSTICAS Y BENEFICIOS: – Eficiencia de filtración de más del 90%, separando partículas de arena de 100 a 300 micrones de diámetro. – Una solución sostenible, libre de corrosión y duradera con válvula integrada para una fácil limpieza. – Amplio rango de caudal con muy baja pérdida de carga disponible en conexión rosca macho y brida."
fca33c11-47dc-4cf0-9548-4373cb05bcfe,img:filtro-semiautomatico-green-plains,,Filtro Semiautomático GreenPlains,filtro-semiautomatico-greenplains,4f0fc334-1ad2-40f8-a8dc-044492fbbbb7,,https://surerain.com/catalogo?producto=filtro-semiautomatico-greenplains,1,b502613e72c7c1226b756ff8fc27589353af2b6a9ed844b1dae49d840455a400,2026-08-13T22:03:34.454Z,2026-08-13T22:15:34.706Z,CARACTERÍSTICAS: – Cuerpo de nylon reforzado con fibra de vidrio y protección UV. – El elemento filtrante es de malla metálica de 130 micrones.
cb182eac-bc86-4232-ba05-7dabd1d6f7d4,img:filtro-tipo-t-de-malla-metalica-greenplains,,Filtro tipo T de malla metálica GreenPlains,filtro-tipo-t-de-malla-metalica-greenplains,4f0fc334-1ad2-40f8-a8dc-044492fbbbb7,,https://surerain.com/catalogo?producto=filtro-tipo-t-de-malla-metalica-greenplains,1,7ccae19e8812b26c7c7b38e51b6e9e22afda22683645f69fad36f5d367397eb8,2026-08-13T22:03:34.454Z,2026-08-13T22:15:34.706Z,
37735a3f-7a50-4299-9161-9ebfed4064c5,img:filtro-tipo-y-de-malla-greenplains,,Filtro tipo Y de malla metálica GreenPlains,filtro-tipo-y-de-malla-metalica-greenplains,4f0fc334-1ad2-40f8-a8dc-044492fbbbb7,,https://surerain.com/catalogo?producto=filtro-tipo-y-de-malla-metalica-greenplains,1,601c11a2a7701a6e901351beba5890fecee70bebc2af177abb15757426f682ba,2026-08-13T22:03:34.454Z,2026-08-13T22:15:34.706Z,
8c8c4918-a038-42a2-a884-34051aed2cf6,img:estacion-de-filtrado-automatico-greenplains,,Estación de filtrado automático GreenPlains,estacion-de-filtrado-automatico-greenplains,4f0fc334-1ad2-40f8-a8dc-044492fbbbb7,,https://surerain.com/catalogo?producto=estacion-de-filtrado-automatico-greenplains,1,c69e605af4d98758f8e16bd03bf8b96906fa6ce6ab430523a95d74be1691c4eb,2026-08-13T22:03:34.454Z,2026-08-13T22:15:34.706Z,"– Sistema de filtración de separación sólido-líquido de gran caudal, resistente a la corrosión, ácidos y álcalis, sin desgaste de las láminas filtrantes y con una larga vida útil."
cbc3538a-5cba-44ea-85e1-5cd6e27a0def,img:filtro-tipo-y-plastico-malla-metalica,,"Filtro tipo Y plástico, malla metálica",filtro-tipo-y-plastico-malla-metalica,ada680ba-9c5e-4b51-9441-bef501040fd1,,https://surerain.com/catalogo?producto=filtro-tipo-y-plastico-malla-metalica,1,8c13a42a51e5d8305d035a13cb6f5c092db5ad8a00d95427810a3eb3b84d448c,2026-08-13T22:03:34.454Z,2026-08-13T22:15:34.706Z,"Los filtros de malla se encuentran disponibles en las siguientes medidas : ¾», 1″, 1 ¼», 1 ½», 2″ y 2″ largo. Cuentan en su extremo con tapón de desagüe. Todas las versiones son de 130 micrones."
067e1762-e03c-4bcf-bbe3-c9faed148072,img:filtro-tipo-t-plastico-malla-metalica,,"Filtro tipo T plástico, malla metálica",filtro-tipo-t-plastico-malla-metalica,ada680ba-9c5e-4b51-9441-bef501040fd1,,https://surerain.com/catalogo?producto=filtro-tipo-t-plastico-malla-metalica,1,d0e93278f394e4c00cbdfa9138cb3126541d8c7a5c9e7ae7362b487de925edc6,2026-08-13T22:03:34.454Z,2026-08-13T22:15:34.706Z,"CARACTERÍSTICAS: – Disponibles en 3″ rosca macho, con tapón de purga y toma para manómetro. – Cuerpo de nylon reforzado con fibra de vidrio. – Elemento filtrante, malla metálica de 130 micrones. – Cierre metálico. – Caudal máximo de filtrado: 45 m3/h, con pérdida de carga de 0,3 bar. – Presión máxima: 10 bar."
33e66d93-c277-49e0-a132-2cd604ead793,img:20015-malla,,"Filtro Alfa tipo Y – ¾”, 1”, 1 ¼”, malla plástica",filtro-alfa-tipo-y-1-1-malla-plastica,14b4f623-921c-43d0-84bd-6c67fca9e625,,https://surerain.com/catalogo?producto=filtro-alfa-tipo-y-1-1-malla-plastica,1,d056b6a9e698c983c4ed8e31af676900ea810aba47c21fafe1c73db9864f5a1e,2026-08-13T22:03:34.454Z,2026-08-13T22:15:34.706Z,"Filtro Alfa tipo Y plástico, malla plástica. Los filtros de malla se encuentran disponibles en las siguientes medidas: ¾”, 1”, 1 ¼”, cuentan en su extremo con tapón de desagüe. Todas las versiones son de 120 mesh."
22e5a577-0798-468e-8e02-5179f862830d,img:20025-malla,,"Filtro Alfa tipo Y – 1 ½” y 2”, malla plástica",filtro-alfa-tipo-y-1-y-2-malla-plastica,14b4f623-921c-43d0-84bd-6c67fca9e625,,https://surerain.com/catalogo?producto=filtro-alfa-tipo-y-1-y-2-malla-plastica,1,3b6757b91e7eb50e41ac2761fb82f8d1791d662090300f4ac47964137eedaccf,2026-08-13T22:03:34.454Z,2026-08-13T22:15:34.706Z,"Filtro Alfa tipo Y plástico, malla plástica. Los filtros de malla se encuentran disponibles en las siguientes medidas: 1 ½” y 2”, cuentan en su extremo con tapón de desagüe. Todas las versiones son de 120 mesh."
f1bd6972-703f-47bb-ae8e-052e2e55254b,img:hidrociclon-plastico-alfa,,Hidrociclón plástico Alfa,hidrociclon-plastico-alfa,14b4f623-921c-43d0-84bd-6c67fca9e625,,https://surerain.com/catalogo?producto=hidrociclon-plastico-alfa,1,433d8675b23c58170ff926e7fec170685ec4e7abb4209ba3f195d11063e89b43,2026-08-13T22:03:34.454Z,2026-08-13T22:15:34.706Z,CARACTERÍSTICAS: – El primer hidrociclón cuyo cuerpo se puede separar totalmente del depósito haciéndolo totalmente desarmable.
deeb4019-42bd-4d19-b020-dcee34004f43,img:roscada-2,,Válvula esférica roscada – Sin unión doble,valvula-esferica-roscada-sin-union-doble,e0067f9c-ccf7-43d9-aaee-8343b8a67aed,,https://surerain.com/catalogo?producto=valvula-esferica-roscada-sin-union-doble,1,d8695c47ed6eeebd09821d38e81b55ff321784b4f55f1b0e708f8eade87d509c,2026-08-13T22:03:21.631Z,2026-08-13T22:15:34.706Z,"CARACTERÍSTICAS: – Roscadas, rosca hembra (BSP). – Medidas disponibles: ½», ¾»,1″, 1 ¼», 1 ½», 2″. – Presión máxima de trabajo: 10 bares (PN10) – Material: PVC, O-Rings (EPDM)"
2870faac-b3b8-42b5-a50e-55e73e6d9223,img:para-encolar-2,,Válvula esférica para encolar – Sin unión doble,valvula-esferica-para-encolar-sin-union-doble,e0067f9c-ccf7-43d9-aaee-8343b8a67aed,,https://surerain.com/catalogo?producto=valvula-esferica-para-encolar-sin-union-doble,1,f75d25e42735193c8e2993917560ab56d64570c0ca4c4cb1eb3de8d11b6f10b6,2026-08-13T22:03:34.454Z,2026-08-13T22:15:34.706Z,"CARACTERÍSTICAS: – Para encolar. – Medidas disponibles: Ø40, Ø50, Ø63. – Presión máxima de trabajo: 10 bares (PN10) – Material: PVC, O-Rings (EPDM)"
d317be0f-e56d-43cb-9c02-9b8b2f51eb97,img:roscada,,Válvula esférica roscada – Con unión doble,valvula-esferica-roscada-con-union-doble,e0067f9c-ccf7-43d9-aaee-8343b8a67aed,,https://surerain.com/catalogo?producto=valvula-esferica-roscada-con-union-doble,1,e74d1ca36d56500aa417694a3009900f6c72422fb18fe3a499cdb4933a8dec38,2026-08-13T22:03:34.454Z,2026-08-13T22:15:34.706Z,"VÁLVULAS ESFÉRICAS CON UNA UNIÓN DOBLE CARACTERÍSTICAS: – Roscadas, rosca Hembra (BSP) – Medidas disponibles: 1/2″, 3/4″,1″,1 1/4″, 1 1/2″, 2″, 2 1/2″, 3″, 4″ – Presión máx. de trabajo: 10 bares (PN10) – Material: PVC, O-Rings (EPDM)"
b686e2fe-f41d-480e-8b56-5252aea89147,img:para-encolar,,Válvula esférica para encolar – Con unión doble,valvula-esferica-para-encolar-con-union-doble,e0067f9c-ccf7-43d9-aaee-8343b8a67aed,,https://surerain.com/catalogo?producto=valvula-esferica-para-encolar-con-union-doble,1,fec3551e8fabc9be83d74286fbcc34cac7398f5cce5b609c88cd5e163329b1de,2026-08-13T22:03:34.454Z,2026-08-13T22:15:34.706Z,"VÁLVULAS ESFÉRICAS CON UNA UNIÓN DOBLE CARACTERÍSTICAS: – Para encolar – Medidas disponibles: 20, 25, 32, 40, 50, 63, 75, 90, 110 – Presión máx. de trabajo: 10 bares (PN10) – Material: PVC, O-Rings (EPDM)"
9b68d399-f018-44dd-8b77-b0f944f0865f,img:valvula-esclusa-metalica-presion-nominal-16-bar,,Válvula esclusa metálica – Presión Nominal 16 bar,valvula-esclusa-metalica-presion-nominal-16-bar,916b3fcf-86b7-4692-b745-d9e01198fcc2,,https://surerain.com/catalogo?producto=valvula-esclusa-metalica-presion-nominal-16-bar,1,7780d77fce3ffddcbe17bdd3eb7ef2464630ef4a8e658cf6e5f897d469460624,2026-08-13T22:03:34.454Z,2026-08-13T22:15:34.706Z,CARACTERÍSTICAS: – Cuerpo de latón – Presión Nominal 16 bar – Temperatura:-10 a 110°C – Extremos roscados BSP H-H ISO 228/1
90b04964-3883-403d-ad8f-4e7ca11b2344,img:valvula-esferica-metalica-mariposa-presion-nominal-16-bar,,Válvula esférica metálica mariposa – Presión Nominal 16 bar,valvula-esferica-metalica-mariposa-presion-nominal-16-bar,916b3fcf-86b7-4692-b745-d9e01198fcc2,,https://surerain.com/catalogo?producto=valvula-esferica-metalica-mariposa-presion-nominal-16-bar,1,867a9c7b5e728cb5343cf744372639594d68c0a32741fbb302e03aaceea5c654,2026-08-13T22:03:34.454Z,2026-08-13T22:15:34.706Z,CARACTERÍSTICAS: – Válvula esférica con paso total – Cuerpo de latón – Extremos rosca BSP H-H s/ ISO 228/1 – Presión Nominal 16 bar – Temperatura:-10 a 110°C
eae7f3e0-08c5-4684-b516-2bac2de01e53,img:valvula-mariposa-plastica-bridada,,Válvula mariposa PVC,valvula-mariposa-pvc,e0067f9c-ccf7-43d9-aaee-8343b8a67aed,,https://surerain.com/catalogo?producto=valvula-mariposa-pvc,1,26223a824fc2223763f410feab2e5676e100e92880356d27c0b5fb1d16d6698f,2026-08-13T22:03:34.454Z,2026-08-13T22:15:34.706Z,"CARACTERÍSTICAS : – Medidas: 90, 110, 140, 160 y 200 mm – Apertura y cierra mediante gatillo o embrague. – Excelente protección contra la corrosión."
2f1139d6-d7c6-4dd1-96ba-cdfe459f38cc,img:valvula-mariposa-tipo-wafer,,Válvula mariposa metálica,valvula-mariposa-metalica,4b123b17-6e52-49fe-8659-fe083bf29ca9,,https://surerain.com/catalogo?producto=valvula-mariposa-metalica,1,5cac9e334deb54f39ad7e0a6a26175e8423d90907195a8c884e662e8101086ee,2026-08-13T22:03:34.454Z,2026-08-13T22:15:34.706Z,
2c063f3e-73b3-405b-b740-09083e583130,img:reductor-rosca-macho,,Reductor Rosca Macho,reductor-rosca-macho,e61d87b4-93df-4d0c-afed-89835b844de1,,https://surerain.com/catalogo?producto=reductor-rosca-macho,1,7a962fd1462bce63be3082ea357c6b36c13b6f36bdefc2fee2e2624ca867ee2f,2026-08-13T22:03:34.454Z,2026-08-13T22:15:34.706Z,Reductor Rosca Macho Medidas disponibles: 1/4 x 1/8″
4eccc872-69cd-48c9-a377-cf8e8b96fc23,img:reductor-rosca-hembra,,Reductor Rosca Hembra,reductor-rosca-hembra,e61d87b4-93df-4d0c-afed-89835b844de1,,https://surerain.com/catalogo?producto=reductor-rosca-hembra,1,02f8371223ad61c249a7b0096c70762f7cba8962d5154b0443bde346c165b4d1,2026-08-13T22:03:34.454Z,2026-08-13T22:15:34.706Z,Reductor Rosca Hembra Medidas disponibles: 1/4 x 1/8″
39157b2a-f722-444b-93e1-a87aec28752a,img:valvula-de-retrolavado-platica,,Válvula de Retrolavado Plástica,valvula-de-retrolavado-plastica,e61d87b4-93df-4d0c-afed-89835b844de1,,https://surerain.com/catalogo?producto=valvula-de-retrolavado-plastica,1,29693d14fbaf7994a099bba3352b9176c52a6b8f2b2de2ee42f418cd3b11be12,2026-08-13T22:03:34.454Z,2026-08-13T22:15:34.706Z,"MATERIALES: – Cuerpo, tabique y adaptador inferior: Poliamida 6 – 30GF – Tapa: Poliamida 6 – 30GF Flujo recto – Diafragma: NR-Nylon reforzado – Asientos, arandelas del diafragma: Acero inox."
19e84611-a316-40dc-a911-dd990e5a992a,img:solenoide-de-3-vias-na-latch-9-12-v-dc,,Solenoide de 3 vias 9-12 V LATCH,solenoide-de-3-vias-9-12-v-latch,1276054d-3ae1-4f04-becb-2a67523627ea,,https://surerain.com/catalogo?producto=solenoide-de-3-vias-9-12-v-latch,1,ba11554dce40dab36d936e707b1ce6a0390da89f4f3c83b6eb3b9919e2169254,2026-08-13T22:03:34.454Z,2026-08-13T22:15:34.706Z,"Solenoide de 3 vias NA LATCH 9-12 V DC, para uso de válvulas y programadores de retrolavado."
2980c886-6891-48c0-b84e-6f4052de0ede,img:solenoide-de-repuesto,,Solenoide K-RAIN – Repuesto,solenoide-k-rain-repuesto,e2b2a28c-4579-4f51-abf9-a03763736a76,,https://surerain.com/catalogo?producto=solenoide-k-rain-repuesto,1,ee44b02b3d966d8cd58cc601f0a03adf61d0e5d117479e0dcc470050b70f300e,2026-08-13T22:03:34.454Z,2026-08-13T22:15:34.706Z,"Descripción técnica: Solenoide 24 VAC, normalmente cerrado (NC) – VAKARESOLPRO100 Solenoide 9VDC LATCH – VAKAOREPSOL9VDC"
ae22b39a-0d08-46eb-9cf2-6fd69138a5b1,img:valvula-solenoide-rpe-3ra-serie,,Válvula Solenoide RPE 3ra. Serie,valvula-solenoide-rpe-3ra-serie,7de41fc4-de28-44c7-a3c5-1caa15e0f612,,https://surerain.com/catalogo?producto=valvula-solenoide-rpe-3ra-serie,1,1b79a525796e1f2c3569d6363477f242eee9fccee67779bb7230adf306099f25,2026-08-13T22:03:34.454Z,2026-08-13T22:15:34.706Z,"CARACTERÍSTICAS: – Diámetros: 1/2″, 3/4″, 1″, 1 1/4″, 1 1/2″, 2″ – Presión de trabajo: 0.5 – 10 bar. – Temperatura máxima del fluido: 75° C – Posición de trabajo: Cualquiera – Materiales constitutivos: Cuerpo de poliamida de fibra de vidrio, membrana de NBR (Buna) y núcleo de acero inoxidable."
42da9a43-7615-40bb-ab4b-ce6de05a5618,img:valvula-solenoide-rpe-2da-serie,,Válvula Solenoide RPE 2da. Serie,valvula-solenoide-rpe-2da-serie,7de41fc4-de28-44c7-a3c5-1caa15e0f612,,https://surerain.com/catalogo?producto=valvula-solenoide-rpe-2da-serie,1,c9cdb276631912705d541829a154449fe8df5bd93a9b2d95e34585afe737ea20,2026-08-13T22:03:34.454Z,2026-08-13T22:15:34.706Z,"CARACTERÍSTICAS: – Diámetros: 1″ rosca hembra, 1″ rosca macho – Presión de trabajo: 0.5 – 10 bar. – Temperatura máxima del fluido: 75° C – Posición de trabajo: Cualquiera – Materiales constitutivos: Cuerpo de poliamida de fibra de vidrio, membrana de NBR (Buna) y núcleo de acero inoxidable."
68582d64-d59e-4765-8273-d5079862beed,img:valvula-solenoide-para-baja-presion,,Válvula solenoide para Baja Presión,valvula-solenoide-para-baja-presion,7de41fc4-de28-44c7-a3c5-1caa15e0f612,,https://surerain.com/catalogo?producto=valvula-solenoide-para-baja-presion,1,47c830bad75175d7e5b9883b0564930899f4377d2550996b10863cac7fc4ee8f,2026-08-13T22:03:34.454Z,2026-08-13T22:15:34.706Z,"Válvula solenoide rosca hembra, normal cerrada 24 VAC, con apertura y cierre manual , con regulador de flujo, para baja presión CARACTERÍSTICAS FÍSICAS Cuerpo de válvula: 30% de fibra de vidrio poliamida reforzada Diafragma: NBR (Buna) Núcleo: Acero inoxidable De la bobina: Clase 155 ° F CARACTERÍST…"
c535ccf9-1a48-46e9-9c8c-528afd21ffa2,img:valvula-solenoide-con-programador,,Válvula Solenoide con Programador,valvula-solenoide-con-programador,7de41fc4-de28-44c7-a3c5-1caa15e0f612,,https://surerain.com/catalogo?producto=valvula-solenoide-con-programador,1,f12f16094ebe273dfa4c2b517a4fec70248a9339a0a89c9357a5946045d0d0a0,2026-08-13T22:03:34.454Z,2026-08-13T22:15:34.706Z,Válvula solenoide con programador a batería incorporado Características técnicas: – Alimentación: batería de 9v ( duración 1 año).
1956ae9b-5515-4080-8cfe-7ef3e93326e0,img:solenoide,,Solenoide RPE – Repuesto,solenoide-rpe-repuesto,7de41fc4-de28-44c7-a3c5-1caa15e0f612,,https://surerain.com/catalogo?producto=solenoide-rpe-repuesto,1,178c25999f262a2a92074eabf48deafe2396c06674faee14fe565e0eacbfa95e,2026-08-13T22:03:34.454Z,2026-08-13T22:15:34.706Z,"– Solenoide 24 VAC NC – VARPSOLREP24VAC RPE – Solenoide 230 VAC NC – VARPSOREP230VAC RPE – Solenoide 24 VAC, normalmente abierto (NO) – VARPSOLREP24VNO – Solenoide 9/12 V LATCH – VARPSOLREP9/12V – Solenoide 12 VDC – VARPSOLREP12VDC"
5f34ee3e-f32d-4483-a06f-9c37630af1dc,img:regulador-de-presion,,Regulador de presión,regulador-de-presion,e61d87b4-93df-4d0c-afed-89835b844de1,,https://surerain.com/catalogo?producto=regulador-de-presion,1,e27b35c8cef436242d3449aa4f7dfdbc3abfcc770259639299075207f3293163,2026-08-13T22:03:34.454Z,2026-08-13T22:15:34.706Z,"Regulador de presión, presión de salida: 1.0 atm. VAPA00038010102 RH 3/4” x RM 3/4” Regulador de presión, presión de salida: 1.4 atm. VAPA00038010142 RH 3/4” x RM 3/4” Regulador de presión, presión de salida: 1.7 atm. VAPA00038010172 RH 3/4” x RM 3/4”"
dd5261d7-26f1-4dd4-bff6-a95bceced840,img:valvula-solenoide-k-rain-pro-100,PRO-100,Válvula Solenoide K-RAIN PRO 100,valvula-solenoide-k-rain-pro-100,e2b2a28c-4579-4f51-abf9-a03763736a76,,https://surerain.com/catalogo?producto=valvula-solenoide-k-rain-pro-100,1,073b3529bbe1a5fb2ef9dcbe23a6f4d87336abde59ee1abd600381e90cce9be2,2026-08-13T22:03:34.454Z,2026-08-13T22:15:34.706Z,VALVULA SOLENOIDE 1” CON CONTROL DE FLUJO CARACTERÍSTICAS: – Regulador de caudal con llave extraíble.
35326675-4ff9-473a-973b-e6c2369d83d8,img:valvula-solenoide-k-rain-pro-150,PRO-150,Válvula Solenoide K-RAIN PRO 150,valvula-solenoide-k-rain-pro-150,e2b2a28c-4579-4f51-abf9-a03763736a76,,https://surerain.com/catalogo?producto=valvula-solenoide-k-rain-pro-150,1,ab019b9bcc54e29e18db38c3216313e9f9578631f87f8e3efa05b5710d0f937d,2026-08-13T22:03:34.454Z,2026-08-13T22:15:34.706Z,VALVULA SOLENOIDE 1” SIN REGULADOR DE FLUJO CARACTERÍSTICAS: – Medida disponible: 1″ – Normal cerrada – 24 VAC – Con apertura y cierre manual – Sin regulador de flujo
ea2566c7-ff37-4cb8-b6f8-454a181f43b0,img:solenoide-de-3-vias-c-base-plastica-24vac-no-nc,,Solenoide de 3 vias c/base plástica 24vac NO/NC,solenoide-de-3-vias-c-base-plastica-24vac-no-nc,1276054d-3ae1-4f04-becb-2a67523627ea,,https://surerain.com/catalogo?producto=solenoide-de-3-vias-c-base-plastica-24vac-no-nc,1,73a55a5af7e8a438ef580a6bef4950fed9edb581ad3f87ea1958fda49706df99,2026-08-13T22:03:34.454Z,2026-08-13T22:15:34.706Z,"Solenoide de 3 vias, más base plastica, 24vac, NO/NC."
11fed037-9dd9-4d23-979a-b58c7b310f58,img:repuesto-membrana,,Membrana – Repuesto,membrana-repuesto,7de41fc4-de28-44c7-a3c5-1caa15e0f612,,https://surerain.com/catalogo?producto=membrana-repuesto,1,8844394a099c28368a3b040c71af3808624db977bbeb438ccd3766826ffd6b74,2026-08-13T22:03:34.454Z,2026-08-13T22:15:34.706Z,"– Repuesto membrana 1/2″, 3/4″ – Repuesto membrana 1, 1 1/4″ – Repuesto membrana 1 1/2″ – Repuesto membrana 2″"
f00dad18-0a3e-4f10-b973-5037aaa709be,img:membrana-para-valvula-tecnidro,,Membrana para válvula Tecnidro,membrana-para-valvula-tecnidro,1276054d-3ae1-4f04-becb-2a67523627ea,,https://surerain.com/catalogo?producto=membrana-para-valvula-tecnidro,1,5721c0215326ce36609a6a39efc18c6d80a4eadf8d82c48d72d1c2532ed14e7b,2026-08-13T22:03:34.454Z,2026-08-13T22:15:34.706Z,– Membrana para válvula 2” – 3”A – Membrana para válvula 3”C – Membrana suave 70 SH p/ valv. 3-4″ – Membrana para válvula 4”F – DN100
bde1a537-6c68-4096-9601-df8d0a3a03ff,img:valvulas-de-retencion-verticales-roscadas,,Válvulas de retención verticales metálicas,valvulas-de-retencion-verticales-metalicas,916b3fcf-86b7-4692-b745-d9e01198fcc2,,https://surerain.com/catalogo?producto=valvulas-de-retencion-verticales-metalicas,1,3dc330591c368ba20272f35330b5f100cc11c28fc833cc9a8f9d51a6fbea4f7c,2026-08-13T22:03:34.454Z,2026-08-13T22:15:34.706Z,CARACTERÍSTICAS: – VÁLVULA VERTICAL CON PASO TOTAL – CUERPO Y VÁSTAGO DE LATÓN – EXTREMOS ROSCA BSP H-H – JUNTA DE NBR – PRESIÓN NOMINAL: 16 BAR – TEMPERATURA:-20 a 150°C
6635ee57-2477-406f-8c91-e4ae0b2dd282,img:filtro-para-valvulas-de-retencion-metalicas-verticales,,Filtro para válvulas de retención metálicas verticales,filtro-para-valvulas-de-retencion-metalicas-verticales,916b3fcf-86b7-4692-b745-d9e01198fcc2,,https://surerain.com/catalogo?producto=filtro-para-valvulas-de-retencion-metalicas-verticales,1,056e014834b715c74b453b0bde04d8ff38a4e290bce8116e2efb7ec597243c56,2026-08-13T22:03:34.454Z,2026-08-13T22:15:34.706Z,Filtro para válvulas de retención metálicas verticales
3143e409-d21e-45a1-bb90-bcd44136223b,img:de-aire-doble-efecto,,"Válvula de aire-vacío doble efecto, RM 3/4″ y 1″",valvula-de-aire-vacio-doble-efecto-rm-3-4-y-1,e61d87b4-93df-4d0c-afed-89835b844de1,,https://surerain.com/catalogo?producto=valvula-de-aire-vacio-doble-efecto-rm-3-4-y-1,1,95b182442ec0fbddc0316912ca87b91ea9548283de13b64c8cb018d9a6237f20,2026-08-13T22:03:34.454Z,2026-08-13T22:15:34.706Z,"Válvula de aire Doble efecto – Origen China Disponibles en rosca macho de 3/4 y 1″ Función: Admite y expulsa el aire del sistema de riego, en el encendido y apagado del mismo."
646c4b08-223f-4a16-9631-905624c3f1b1,img:valvula-de-aire-vacio-doble-efecto-rosca-macho,,"Válvula aire-vacío doble efecto, RM 1″, 1 1/2″ y 2″",valvula-aire-vacio-doble-efecto-rm-1-1-1-2-y-2,e61d87b4-93df-4d0c-afed-89835b844de1,,https://surerain.com/catalogo?producto=valvula-aire-vacio-doble-efecto-rm-1-1-1-2-y-2,1,a9a3c80dcb4b4968dc32b8787fc7e067165a7bec9b50e991636a379d8da7638c,2026-08-13T22:03:34.454Z,2026-08-13T22:15:34.706Z,"Disponibles en rosca macho 1″, 1 1/2″ y 2″ Aplicaciones : 1. Principales redes de riego – Alivio del aire y prevención del vacío aguas abajo de las bombas, a lo largo de las líneas de suministro y en las elevaciones en las principales redes de riego."
6802f2d8-ad64-46cf-8843-2f2f3577f456,img:valvula-de-aire-vacio-doble-efecto-rm-3-4-o-1,,Válvula de aire-vacío doble efecto RM 3/4″ o 1″,valvula-de-aire-vacio-doble-efecto-rm-3-4-o-1,e61d87b4-93df-4d0c-afed-89835b844de1,,https://surerain.com/catalogo?producto=valvula-de-aire-vacio-doble-efecto-rm-3-4-o-1,1,c1f9cc8a0b516ae4ba3ac7c9b5b783730e0317cea44b5c1430cf4c602525567c,2026-08-13T22:03:34.454Z,2026-08-13T22:15:34.706Z,"La válvula de aire y vacío descarga aire a altos caudales durante el llenado del sistema y admite aire a altos caudales durante el drenaje, el apagado de la bomba o la separación de la columna de agua."
08627429-85df-4b78-85e5-1ab23c5d38f0,img:valvula-aire-vacio-triple-efecto-rm-1-y-2,,"Válvula aire-vacío triple efecto, RM 1″ y 2″",valvula-aire-vacio-triple-efecto-rm-1-y-2,e61d87b4-93df-4d0c-afed-89835b844de1,,https://surerain.com/catalogo?producto=valvula-aire-vacio-triple-efecto-rm-1-y-2,1,d1b6c3069fc719ebbff293eeb7cf342a64bf33608e3d3d558fd2e996ec5c284e,2026-08-13T22:03:34.454Z,2026-08-13T22:15:34.706Z,"Descripción técnica: – Válvula de aire-vacío – Triple efecto GreenPlains – Disponibles en rosca macho de 1″ y 2” Aplicaciones: Están diseñados para extraer eficientemente el aire atrapado en tuberías, filtros, tanques y otros lugares donde el aire no deseado podría causar problemas de rendimiento."
fe7ea5cd-7e4a-4a36-b0ee-17be8d06fd2c,img:de-aire-triple-efecto-2,,"Válvula aire-vacío triple efecto, RM 1″ y 2″",valvula-aire-vacio-triple-efecto-rm-1-y-2-de-aire-triple-efecto-2,ada680ba-9c5e-4b51-9441-bef501040fd1,,https://surerain.com/catalogo?producto=valvula-aire-vacio-triple-efecto-rm-1-y-2,1,1b72b6c6e6ec3d2488f0a35d373bde354746436644c3fb8864711185c8dfb4b9,2026-08-13T22:03:34.454Z,2026-08-13T22:15:34.706Z,Descripción técnica: – Válvula de aire – Triple efecto – Disponibles en rosca macho de 1″ y 2” FUNCIONAMIENTO La válvula realiza tres funciones: – Extrae el aire de las tuberías mientras se llenan.
31710130-5ba1-4cce-92fe-0968e3b6cba1,img:unirain-arv-1,,"Válvula aire-vacío doble efecto, RM 1″ UNIRAIN",valvula-aire-vacio-doble-efecto-rm-1-unirain,34cb2a26-c322-4185-a80e-62e68d7a9b20,,https://surerain.com/catalogo?producto=valvula-aire-vacio-doble-efecto-rm-1-unirain,1,5f1e0747e95c7462a9bba6b7dac50b4311a9674fbbb29f138eaa9337270fd933,2026-08-13T22:03:34.454Z,2026-08-13T22:15:34.706Z,"Unirain ARV-1″-K Válvula ventosa 1″ cinética DESCRIPCIÓN Diseñada para extraer eficazmente el aire atrapado en tuberías, filtros, tanques y otros lugares en los que su presencia pudiera causar problemas de funcionamiento."
b141b40d-2d81-4b35-bd9b-4069a762a920,img:unirain-arv-2,,"Válvula aire-vacío doble efecto, RM 2″ UNIRAIN",valvula-aire-vacio-doble-efecto-rm-2-unirain,34cb2a26-c322-4185-a80e-62e68d7a9b20,,https://surerain.com/catalogo?producto=valvula-aire-vacio-doble-efecto-rm-2-unirain,1,0f380e6b33f6629bb83a235f008c386131e01ee099d865770778bde137e443af,2026-08-13T22:03:34.454Z,2026-08-13T22:15:34.706Z,"Unirain ARV-2″- K Válvula ventosa 2″ cinética DESCRIPCIÓN Diseñada para extraer eficazmente el aire atrapado en conducciones de tamaño medio, grandes filtros, depósitos y otros lugares en los que se requiera su ausencia para un correcto funcionamiento."
ac09e57d-545a-4fad-8be8-31bd73c4855e,img:unirain-arv-1-automatica,,Válvula aire-vacío triple efecto automática,valvula-aire-vacio-triple-efecto-automatica,34cb2a26-c322-4185-a80e-62e68d7a9b20,,https://surerain.com/catalogo?producto=valvula-aire-vacio-triple-efecto-automatica,1,d0446882862690867f8f33aa1d3c8f814ed94cc3c0e8bfb77779e9196ce191ef,2026-08-13T22:03:34.454Z,2026-08-13T22:15:34.706Z,"UNIRAIN ARV-1″-A Válvula Ventosa 1″ Automática Diseñada para expulsar eficazmente el aire acumulado en tuberías, filtros, tanques y en cualquier lugar donde la presencia de aire sea perjudicial para un correcto funcionamiento."
04a54a8d-a888-4733-abff-252556235352,img:valvula-aire-vacio-triple-efecto-compacta-rm-2%e2%80%b3-unirain,,"Válvula aire-vacío triple efecto compact, RM 2″ UNIRAIN",valvula-aire-vacio-triple-efecto-compact-rm-2-unirain,34cb2a26-c322-4185-a80e-62e68d7a9b20,,https://surerain.com/catalogo?producto=valvula-aire-vacio-triple-efecto-compact-rm-2-unirain,1,6a6ccc03345bff1d8ab208673548595fa4d5677ddc465a2df4bbafaeb18cace8,2026-08-13T22:03:34.454Z,2026-08-13T22:15:34.706Z,"Ventosa ARV-2KA COMPACT Válvula diseñada para extraer y admitir el aire de conducciones, grandes filtros, depósitos y, en general, de cualquier elemento que deba funcionar libre de la presencia de aire."
f29f608c-efd9-4037-9023-faa9cbb2c75a,img:unirain-arv-2-cinetica-y-automatica,,"Válvula aire-vacío triple efecto, RM 2″ UNIRAIN",valvula-aire-vacio-triple-efecto-rm-2-unirain,34cb2a26-c322-4185-a80e-62e68d7a9b20,,https://surerain.com/catalogo?producto=valvula-aire-vacio-triple-efecto-rm-2-unirain,1,e1a8de98fc04f1e469da4b29ba961aa79974670396ea274fa1fce7f67d3ece85,2026-08-13T22:03:34.454Z,2026-08-13T22:15:34.706Z,"UNIRAIN ARV-2″-KA Válvula Ventosa 2 » Cinética y Automática Válvula diseñada para extraer el aire de conducciones, grandes filtros, depósitos y, en general, de cualquier elemento que deba funcionar libre de la presencia de aire."
3c2ecb91-04ce-4c13-96ef-032cff6da218,img:valvula-cilindrica-compacta-roscada,,Válvula cilíndrica compacta roscada,valvula-cilindrica-compacta-roscada,e61d87b4-93df-4d0c-afed-89835b844de1,,https://surerain.com/catalogo?producto=valvula-cilindrica-compacta-roscada,1,08b20757086f7233aa0813e8ecd78bd2ca7dc624492d1b391ca989b7a27dde2e,2026-08-13T22:03:34.454Z,2026-08-13T22:15:34.706Z,Válvula cilíndrica compacta roscada Diámetro: 1/2” x 1/2” (ACIR0IV.VMM.200) 3/4” x 3/4” (ACIR0IV.VMM.250)
ed2f4706-1b01-4ed9-9253-ad62604dce38,img:valvula-cilindrica-compacta-espiga-x-espiga,,Válvula cilíndrica compacta (espiga x espiga),valvula-cilindrica-compacta-espiga-x-espiga,e61d87b4-93df-4d0c-afed-89835b844de1,,https://surerain.com/catalogo?producto=valvula-cilindrica-compacta-espiga-x-espiga,1,647f2881963f9c059735a27eb928a81becb078b5051439abd364a3f1ab21446a,2026-08-13T22:03:34.454Z,2026-08-13T22:15:34.706Z,Válvula cilíndrica compacta (espiga x espiga) Diámetro: 16×16 mm  (ACIR0IV.VPP.160) 20×20 mm  (ACIR0IV.VPP.200)
8b3cc150-a277-4ddc-bc3e-912450191bbd,img:valvula-cilindrica-compacta-16-mm-espiga-x-cinta,,Válvula cilíndrica compacta 16 mm,valvula-cilindrica-compacta-16-mm,e61d87b4-93df-4d0c-afed-89835b844de1,,https://surerain.com/catalogo?producto=valvula-cilindrica-compacta-16-mm,1,bbd5eccc2fff5e294139a4b1a7133b0357542cdadfc0cd9a4f2f324d4eb5ebb1,2026-08-13T22:03:34.454Z,2026-08-13T22:15:34.706Z,Válvula cilíndrica compacta 16 mm (espiga x cinta) Diámetro: 16 x Cinta 16 (ACIR0IV.VPT.16T)
7bac2f8a-1a6b-425b-98e7-016374127dbd,img:valvula-cilindrica-compacta-inicial-c-goma-x-espiga,,Válvula cilíndrica compacta inicial c/goma x espiga,valvula-cilindrica-compacta-inicial-c-goma-x-espiga,e61d87b4-93df-4d0c-afed-89835b844de1,,https://surerain.com/catalogo?producto=valvula-cilindrica-compacta-inicial-c-goma-x-espiga,1,3d060fecc2061871d354e8115291d411b0a8bc47331b8f71cd13e73458852609,2026-08-13T22:03:34.454Z,2026-08-13T22:15:34.706Z,Válvula cilíndrica compacta inicial c/goma x espiga Diámetro: 16 mm (ACIR0IV.VRP.160) 20 mm (ACIR0IV.VRP.200)
65149627-db53-4e03-9d1c-91d93a491451,img:valvula-cilindrica-compacta-inicial-4,,Válvula cilíndrica compacta c/rosca de ajuste,valvula-cilindrica-compacta-c-rosca-de-ajuste,e61d87b4-93df-4d0c-afed-89835b844de1,,https://surerain.com/catalogo?producto=valvula-cilindrica-compacta-c-rosca-de-ajuste,1,76210c51f4c4c835d6eb702ca721fd4e510ec3ba6bfd3cfe51b9fc7e00978d55,2026-08-13T22:03:34.454Z,2026-08-13T22:15:34.706Z,Válvula cilíndrica compacta c/rosca de ajuste. Diámetro: Cinta 16 mm (ACPO00000118562)
1d84547e-d209-4a1b-97cd-7754d0942610,img:valvula-cilindrica-compacta-inicial-c-goma-x-cinta,,Válvula cilíndrica compacta inicial c/goma x cinta,valvula-cilindrica-compacta-inicial-c-goma-x-cinta,e61d87b4-93df-4d0c-afed-89835b844de1,,https://surerain.com/catalogo?producto=valvula-cilindrica-compacta-inicial-c-goma-x-cinta,1,ebe50bc7412cce990d1cccf61a559d81fcaa86438ddd75d769065b9b6e03546c,2026-08-13T22:03:34.454Z,2026-08-13T22:15:34.706Z,Válvula cilíndrica compacta inicial c/goma x cinta Diámetro: Cinta 16 mm (ACIR0IV.VRT.00T)
c07eea55-b5c7-4cf8-8701-72a1c5faab35,img:valvula-de-drenaje,,Válvula de drenaje,valvula-de-drenaje,e61d87b4-93df-4d0c-afed-89835b844de1,,https://surerain.com/catalogo?producto=valvula-de-drenaje,1,fdc7f4b6ba5999d3a956ee992edb3dda3b20b80fc5303ee05e92c82f0cdb0336,2026-08-13T22:03:34.454Z,2026-08-13T22:15:34.706Z,"Válvula de drenaje, conexión: 3/4”, rosca hembra"
b78bd2e3-0148-4802-a1dc-86a6c7b60705,img:valvula-de-bronce-de-3-vias,,Válvula de bronce de tres vías,valvula-de-bronce-de-tres-vias,e61d87b4-93df-4d0c-afed-89835b844de1,,https://surerain.com/catalogo?producto=valvula-de-bronce-de-tres-vias,1,df02759c5a8701f97e6257183fbbe2fb7695ded19ebafeeb63c73f80c58ce975,2026-08-13T22:03:34.454Z,2026-08-13T22:15:34.706Z,"Para control hidráulico manual en aplicaciones de riego Esta válvula ha sido diseñada para la selección de modos de control hidráulico (abierto, cerrado, control automático). Permite cerrar o abrir la válvula principal manualmente. – Opciones: Rosca macho 1/4″ o 1/8″."
c0b8ad0f-e611-47e2-90e3-73ed54aa2517,img:piloto-reductor-sostenedor-de-presion-dorot,,"Piloto reductor/sostenedor de presión 1 a 4,5 bar",piloto-reductor-sostenedor-de-presion-1-a-4-5-bar,eebeb959-25ab-47ac-9803-6f8f1c173a77,,https://surerain.com/catalogo?producto=piloto-reductor-sostenedor-de-presion-1-a-4-5-bar,1,5a4d37e47bd8108f4e98debbd9ff11bcfb85cbd85067da4c6a6ba9fcd3a66982,2026-08-13T22:03:34.454Z,2026-08-13T22:15:34.706Z,"Piloto reductor/ sostenedor de presión (rango de regulación 1 a 4,5 bar)"
fdcc8513-3dfa-471e-9b8d-e0188406ebab,img:piloto-reductor-6-bar,,Piloto reductor 6 bar,piloto-reductor-6-bar,108081bc-540f-423b-9854-d47384988b50,,https://surerain.com/catalogo?producto=piloto-reductor-6-bar,1,4af684311be80389ae5b208630dc4c230c44dfeb365ecf3e06e42defdbfefc43,2026-08-13T22:03:34.454Z,2026-08-13T22:15:34.706Z,Piloto reductor 6 bar (Presión estandar)
9619923c-315e-4c82-a402-1d30b4ece49f,img:piloto-reductor-05-4-bar,,"Piloto reductor 0,5 – 4 bar",piloto-reductor-0-5-4-bar,108081bc-540f-423b-9854-d47384988b50,,https://surerain.com/catalogo?producto=piloto-reductor-0-5-4-bar,1,9553b3434584aae1ab1a3fea16de98a2b0cadb97589cbd4166def0bf6e714f1d,2026-08-13T22:03:34.454Z,2026-08-13T22:15:34.706Z,"Piloto reductor 0,5 – 4 bar (Baja presión)"
bff3fbf8-eb75-4962-aefd-3ed6dfc8944a,img:resorte-para-valvula-tecnidro,,Resorte para válvula Tecnidro,resorte-para-valvula-tecnidro,1276054d-3ae1-4f04-becb-2a67523627ea,,https://surerain.com/catalogo?producto=resorte-para-valvula-tecnidro,1,dc7d720164dd742103bfa093654ab0ca0a4da8bac502246ba9125b25992e3f6f,2026-08-13T22:03:34.454Z,2026-08-13T22:15:34.706Z,– Resorte para válvula 2” – 3”A – Resorte para válvula 3”C – Resorte para válvula 4”F – DN100
f429e4f8-9be0-4813-9339-dc31e89d555a,img:resorte-para-piloto-de-alivio-tecnidro,,Resorte para piloto de alivio Tecnidro,resorte-para-piloto-de-alivio-tecnidro,1276054d-3ae1-4f04-becb-2a67523627ea,,https://surerain.com/catalogo?producto=resorte-para-piloto-de-alivio-tecnidro,1,83f8ed6528d4b186365d6921e223f34d4b13fb0ab3cc64514cd36babf825d260,2026-08-13T22:03:34.454Z,2026-08-13T22:15:34.706Z,– Resorte azul para piloto de alivio 1-10 BAR – Resorte rojo para piloto de alivio 1-22 BAR
699c9870-1591-45fa-aa45-967819ddb8db,img:relay-hidraulico-galit,,Sensor hidráulico,sensor-hidraulico,1276054d-3ae1-4f04-becb-2a67523627ea,,https://surerain.com/catalogo?producto=sensor-hidraulico,1,61334fcb613edef7db5cef83b0f28225983b2d1ce5ab104db4b5011c24650c50,2026-08-13T22:03:34.454Z,2026-08-13T22:15:34.706Z,El galit es un relay de control hidráulico. Disponible NC y NO (Normal cerrado y abierto) Cuenta con manija de 3 posiciones.
a02ca4ca-38dd-415e-b1d6-01466034330d,img:tapon-roscado,,Tapón roscado,tapon-roscado,e61d87b4-93df-4d0c-afed-89835b844de1,,https://surerain.com/catalogo?producto=tapon-roscado,1,15843abc0852ff1839bd5f9ca50bb63702dd3820b75260dd2828db93c8a73212,2026-08-13T22:03:34.454Z,2026-08-13T22:15:34.706Z,Tapón roscado Medidas disponibles: 1/8″ 1/4″
3e06b07e-31c8-4fae-b912-15342a617f49,img:filtro,,Filtro,filtro,e61d87b4-93df-4d0c-afed-89835b844de1,,https://surerain.com/catalogo?producto=filtro,1,647dc57e69919e1c100c3a6f4fc55ffdca29946cc41e34175e601a37b964b212,2026-08-13T22:03:34.454Z,2026-08-13T22:15:34.706Z,Filtro
6994e70d-573d-4f58-bab6-5af1629f52b0,img:conector,,Conector,conector,e61d87b4-93df-4d0c-afed-89835b844de1,,https://surerain.com/catalogo?producto=conector,1,085199dda0c7428cea6e2564733f329090bc80aa056fe7fe0c1fd408e97499e6,2026-08-13T22:03:34.454Z,2026-08-13T22:15:34.706Z,Conector Medidas disponibles: 6 mm x 6 mm 8 mm x 8 mm
1d1a3127-f970-4ede-ab4f-2e29f67af77f,img:t,,T CONECTOR,t-conector,e61d87b4-93df-4d0c-afed-89835b844de1,,https://surerain.com/catalogo?producto=t-conector,1,32ec0a8b757966aac62e4253989fd27269b5d2ce2ef74cc3859c829b3df909b7,2026-08-13T22:03:34.454Z,2026-08-13T22:15:34.706Z,T Medidas disponibles: 6 mm x 6 mm x 6 mm 8 mm x 8 mm x 8 mm
cdae0b99-95ae-494d-9eca-4fc0f8eb58e9,img:adaptador-macho,,Adaptador Macho,adaptador-macho,e61d87b4-93df-4d0c-afed-89835b844de1,,https://surerain.com/catalogo?producto=adaptador-macho,1,d6c25fa4dc925a9064d773ef2d7e11d2b7f4ce95c381f7b6303dbb394893012a,2026-08-13T22:03:34.454Z,2026-08-13T22:15:34.706Z,Adaptador macho Medidas disponibles: 6 mm x 1/8” 6 mm x 1/4” 8 mm x 1/8” 8 mm x 1/4”
59361c05-c03e-40f2-9683-1c28d19d9d45,img:valvula-cilindrica-c-rosca-x-cinta,,Válvula cilíndrica con contratuerca x cinta,valvula-cilindrica-con-contratuerca-x-cinta,e61d87b4-93df-4d0c-afed-89835b844de1,,https://surerain.com/catalogo?producto=valvula-cilindrica-con-contratuerca-x-cinta,1,496530d25b687b4d0cf984307d8933fa969906f13e50e7301a0af3c1b501b0e7,2026-08-13T22:03:34.454Z,2026-08-13T22:15:34.706Z,Válvula cilíndrica con contratuerca x cinta ACGR02160.0000F
70bb80ff-f2a9-4d8c-9f48-454c91901791,img:valvula-cilindrica-lay-flat-a-cinta,,Válvula cilíndrica Lay Flat x cinta,valvula-cilindrica-lay-flat-x-cinta,e61d87b4-93df-4d0c-afed-89835b844de1,,https://surerain.com/catalogo?producto=valvula-cilindrica-lay-flat-x-cinta,1,4c37699ebb09e35e446ae1cf9a4742563823529cda81aecdb2dbc5ca6d275bb4,2026-08-13T22:03:34.454Z,2026-08-13T22:15:34.706Z,Válvula cilíndrica Lay Flat x cinta ACGR02130.0000F
44efe1f8-9feb-4944-bcb3-875fa1027efb,img:valvula-cilindrica-lay-flat-cinta,,Válvula cilíndrica Lay Flat-cinta,valvula-cilindrica-lay-flat-cinta,e61d87b4-93df-4d0c-afed-89835b844de1,,https://surerain.com/catalogo?producto=valvula-cilindrica-lay-flat-cinta,1,14ed337bbeb096fdf5af0486e4eec90d87b66490c11518f3ddb7472c3aa290cb,2026-08-13T22:03:34.454Z,2026-08-13T22:15:34.706Z,– Medidas disponibles: Cinta 16 mm (ACIR00000TV0217)
8f7af83e-548d-4559-9c18-c0ad2b977ab9,img:valvula-cilindrica-espiga,,Válvula cilíndrica espiga,valvula-cilindrica-espiga,e61d87b4-93df-4d0c-afed-89835b844de1,,https://surerain.com/catalogo?producto=valvula-cilindrica-espiga,1,6158a28d21e9a01b538a0ee06e64bff0202bf174d1a8f68d03ced9ea09e1163f,2026-08-13T22:03:34.454Z,2026-08-13T22:15:34.706Z,Válvula cilíndrica espiga 16 x 16 ACGR02115.0160F Válvula cilíndrica espiga 20 x 20 ACGR02115.0200F
fb48b6c5-98c1-4ce0-a5d6-9ae18d6de3d5,img:valvulas-metalicas-de-retencion-dual-check,,Válvulas metálicas de retención dual check,valvulas-metalicas-de-retencion-dual-check,4b123b17-6e52-49fe-8659-fe083bf29ca9,,https://surerain.com/catalogo?producto=valvulas-metalicas-de-retencion-dual-check,1,094df9582b24013e1c4f41600a8b12a6f10f37bf14337d267a235acbcf3d7e3d,2026-08-13T22:03:34.454Z,2026-08-13T22:15:34.706Z,
b41bc606-771c-49d6-bcc1-237949c0515f,img:codo,,Codo,codo,e61d87b4-93df-4d0c-afed-89835b844de1,,https://surerain.com/catalogo?producto=codo,1,80ab6bcbec4a20f872777a3a5eb89002016634efcac701086a6676172ad01fb7,2026-08-13T22:03:34.454Z,2026-08-13T22:15:34.706Z,Codo Medidas disponibles: 6 mm x 1/8″ 6 mm x 1/4″ 8 mm x 1/8″ 8 mm x 1/4″
bd43f576-c617-4ec7-845f-85b4e3608891,img:t-con-rosca-macho-2,,T con rosca macho,t-con-rosca-macho,e61d87b4-93df-4d0c-afed-89835b844de1,,https://surerain.com/catalogo?producto=t-con-rosca-macho,1,8fb791ebb99196e157d5b2d2580fc43ac3282914b74a165965ae022d58a0a49d,2026-08-13T22:03:34.454Z,2026-08-13T22:15:34.706Z,T con rosca macho Medidas disponibles: 6 mm x 1/8” x 6 mm 6 mm x 1/4″ x 6 mm 8 mm x 1/8″ x 8 mm 8 mm x 1/4″ x 8 mm
4cdf687e-4121-44a2-b389-091f2f206e8f,img:niple,,Niple,niple,e61d87b4-93df-4d0c-afed-89835b844de1,,https://surerain.com/catalogo?producto=niple,1,bc7d6917031dd97cb0bfd302f261aeff2db7869d96ca7a787d546237ef898ac0,2026-08-13T22:03:34.454Z,2026-08-13T22:15:34.706Z,Niple Medidas disponibles: 1/8″ 1/4″
7539363b-53ad-4628-b681-c953838b4fec,img:valvula-esferica-metalica-presion-nominal-16-bar-2,,Válvula esférica metálica – Presión Nominal 16 bar,valvula-esferica-metalica-presion-nominal-16-bar,916b3fcf-86b7-4692-b745-d9e01198fcc2,,https://surerain.com/catalogo?producto=valvula-esferica-metalica-presion-nominal-16-bar,1,15f155cd6268e32ca71ded76f7280c290c39d3cb884019b29184e2130404af6d,2026-08-13T22:03:34.454Z,2026-08-13T22:15:34.706Z,CARACTERÍSTICAS: – Válvula esférica con paso total – Cuerpo de latón – Extremos rosca BSP H-H ISO 228/1 – Presión Nominal 16 bar – Temperatura:-10 a 110°C
f0249eac-4b2a-45cb-90c7-d4bcd174bb38,img:valvula-esferica-metalica-presion-nominal-16-bar,,Válvula esférica metálica – Presión Nominal 40 bar,valvula-esferica-metalica-presion-nominal-40-bar,916b3fcf-86b7-4692-b745-d9e01198fcc2,,https://surerain.com/catalogo?producto=valvula-esferica-metalica-presion-nominal-40-bar,1,0596bb33e72379a89be9c54770f5f9a4bad469b8e6dc93dfe0ab46f32a508c09,2026-08-13T22:03:34.454Z,2026-08-13T22:15:34.706Z,CARACTERÍSTICAS: – Válvula esférica con paso total – Cuerpo de latón – Extremos rosca BSP H-H ISO 228/1 – Presión Nominal 40 bar – Temperatura:-10 a 110°C
aa756f4a-374a-468f-86c0-913ca0519f91,img:valvula,,Válvula de retención metálica – Presión Nominal 16 bar,valvula-de-retencion-metalica-presion-nominal-16-bar,916b3fcf-86b7-4692-b745-d9e01198fcc2,,https://surerain.com/catalogo?producto=valvula-de-retencion-metalica-presion-nominal-16-bar,1,867a18c07e6bb883c14d250659e9272d033512ddec3d38c43627bc5a7d21d5d9,2026-08-13T22:03:34.454Z,2026-08-13T22:15:34.706Z,CARACTERÍSTICAS: – Cuerpo de latón – Extremos roscados BSP H-H s/ ISO 228/1 – Presión Nominal 16 bar – Temperatura:-10 a 110°C
da7e61b3-7ab7-43d6-88d4-d2806843ad01,img:programadores-tic2f-4f-pi,,Programadores TIC2F/4F-PI,programadores-tic2f-4f-pi,1276054d-3ae1-4f04-becb-2a67523627ea,,https://surerain.com/catalogo?producto=programadores-tic2f-4f-pi,1,1259cfabd5edb278698a5d542a3fd438f5635e3e9d156f7068e44d9cd5981ffa,2026-08-13T22:03:21.631Z,2026-08-13T22:15:34.706Z,Características: – Permiten diferentes configuraciones de lavado automático en los cabezales de filtro de arena o de anilla.
47cff430-1acc-4226-ae5e-f5e47e9133c5,img:valvula-cilindrica-espiga-16mm-x-cinta,,Válvula cilíndrica espiga 16mm x cinta,valvula-cilindrica-espiga-16mm-x-cinta,e61d87b4-93df-4d0c-afed-89835b844de1,,https://surerain.com/catalogo?producto=valvula-cilindrica-espiga-16mm-x-cinta,1,577b1e3b21f52cdda99c6bed3bba970b5ab4ba4b7eb66756748b306b0096e386,2026-08-13T22:03:34.454Z,2026-08-13T22:15:34.706Z,Válvula cilíndrica espiga 16mm x cinta ACGR02190.0000F
3e6dc5b8-cbdd-4609-bf7e-936741dc2a39,img:interruptor-de-vacio-arv,,"Válvula de aire-vacío, RM 1/2″",valvula-de-aire-vacio-rm-1-2,e61d87b4-93df-4d0c-afed-89835b844de1,,https://surerain.com/catalogo?producto=valvula-de-aire-vacio-rm-1-2,1,eb5e8a08bd5a8d612e6c77c35a838d3783b0b7177904c65bab6995618dc3ccdf,2026-08-13T22:03:34.454Z,2026-08-13T22:15:34.706Z,Los interruptores de vacío de 1/2″ de la Serie ARV han sido diseñados para evitar la obturación de goteros debido a la succión de tierra en condiciones de vacío y para evitar la infiltración de substancias tóxicas en el sistema de goteo..
1e7b85f5-7de0-4bea-965e-4282aa019193,img:valvula-hidraulica-plastica-modelo-serie-75s,,Válvulas Dorot plástica modelo serie 75S,valvulas-dorot-plastica-modelo-serie-75s,eebeb959-25ab-47ac-9803-6f8f1c173a77,,https://surerain.com/catalogo?producto=valvulas-dorot-plastica-modelo-serie-75s,1,de26ac1d22f36f4df3ca10de65c13b8c6615dc05329f24df2223e6de83225c14,2026-08-13T22:03:34.454Z,2026-08-13T22:15:34.706Z,DESCRIPCIÓN TÉCNICA Características y Beneficios – Diseño de alta capacidad con pérdida de presión extremadamente bajas.
f2ff7979-cb0a-47fe-ae35-3fc83f06abc5,img:valvulas-dorot-plasticas-modelo-serie-75t,,Válvulas Dorot Plásticas modelo serie 75T,valvulas-dorot-plasticas-modelo-serie-75t,eebeb959-25ab-47ac-9803-6f8f1c173a77,,https://surerain.com/catalogo?producto=valvulas-dorot-plasticas-modelo-serie-75t,1,8227a0782fe3a4b607ec161f82e84da16324d48591c32d922012fba2ef5fee7a,2026-08-13T22:03:34.454Z,2026-08-13T22:15:34.706Z,"DESCRIPCIÓN TÉCNICA Características y Beneficios – Estructura simple. – Excelente capacidad hidráulica. – Altamente confiable también para el control de líquidos corrosivos. – Livianas, menor costo. – Mínimo mantenimiento, alta confiabilidad. Medidas disponibles – En Rosca Hembra de 2″ (2x2x2) – En Rosca Hembra de 3″ (3x2x3)"
c67af04c-d860-4b03-acb4-dc02df3898ad,img:valvulas-dorot-plasticas-modelo-serie-95-y-96,,Válvulas Dorot Plásticas modelo serie 95 y 96,valvulas-dorot-plasticas-modelo-serie-95-y-96,eebeb959-25ab-47ac-9803-6f8f1c173a77,,https://surerain.com/catalogo?producto=valvulas-dorot-plasticas-modelo-serie-95-y-96,1,e4b39f2646b07d81ed5e311ca57e90d396145eb462e25099e63c5d51c0bae320,2026-08-13T22:03:34.454Z,2026-08-13T22:15:34.706Z,DESCRIPCIÓN TÉCNICA Características y Beneficios – Modelo 95 es roscada. – Modelo 96 es para pegar directamente a la tubería de PVC.
4b5f28a8-cbfc-4989-a1c6-6119cf09ffa4,img:valvula-de-retencion-iri-greenplains,,Válvula de retención IRI GreenPlains,valvula-de-retencion-iri-greenplains,e61d87b4-93df-4d0c-afed-89835b844de1,,https://surerain.com/catalogo?producto=valvula-de-retencion-iri-greenplains,1,1519eb5c1e93c59d908b7f86f3c2b023a47d1e5d39db213af266274f9eec51c4,2026-08-13T22:03:34.454Z,2026-08-13T22:15:34.706Z,"Medidas disponibles: 3” (DN 80), 4” (DN100) y 6” (DN150) CARACTERÍSTICAS: – Evita el reflujo de manera confiable, con cierre silencioso y hermético total (sin fugas de burbuja) – Presión máxima de trabajo: 10 bar – Presión mínima de trabajo: 0,2 bar – Temperatura máxima de trabajo: 60 °C"
b1f41289-9c11-4d19-a2c7-0fd19f29a4a4,img:caja-mini-greenplains,,Caja Mini GreenPlains,caja-mini-greenplains,e61d87b4-93df-4d0c-afed-89835b844de1,,https://surerain.com/catalogo?producto=caja-mini-greenplains,1,c56ac3c40415a05a20946cc1aeee5ed1e9e1cebbff5e4cae384067e7be0bb210,2026-08-13T22:03:34.454Z,2026-08-13T22:15:34.706Z,"Medidas: Tapa: 16,2 cm Altura: 23,5 cm Base: 24,1 cm Están fabricadas en polipropileno (PP) de alta resistencia, material que garantiza durabilidad, resistencia mecánica y tolerancia a condiciones ambientales adversas."
130975c8-f510-4cc4-9946-f600d9a01cd1,img:valvula-de-pie-greenplains-2,,Válvula de pie Rosca Hembra GreenPlains,valvula-de-pie-rosca-hembra-greenplains,e61d87b4-93df-4d0c-afed-89835b844de1,,https://surerain.com/catalogo?producto=valvula-de-pie-rosca-hembra-greenplains,1,850fc112e44e742fb77daa7982247e1597178fd8291e893b86907e44a7dd8d72,2026-08-13T22:03:34.454Z,2026-08-13T22:15:34.706Z,Medidas disponibles: RH 3” y 4“.
c494a59f-e390-4fc5-bea2-bc386ccf8964,img:valvula-de-pie-greenplains,,Válvula de pie Junta Pegar GreenPlains,valvula-de-pie-junta-pegar-greenplains,e61d87b4-93df-4d0c-afed-89835b844de1,,https://surerain.com/catalogo?producto=valvula-de-pie-junta-pegar-greenplains,1,951e163a8db87442448db3366566e6cfaf0fd4ecb8586ade94750dc2ac48c0de,2026-08-13T22:03:34.454Z,2026-08-13T22:15:34.706Z,Medidas disponibles: Junta a pegar de 110 – 140 – 160 – 200 mm.
78c7d613-2630-4442-bb65-cd01800cfc75,img:cajas-para-valvulas,,Caja Large GreenPlains,caja-large-greenplains,e61d87b4-93df-4d0c-afed-89835b844de1,,https://surerain.com/catalogo?producto=caja-large-greenplains,1,43b46ec208de274888fae12c02c08683817f21311c959b04621c1dc025b13f51,2026-08-13T22:03:34.454Z,2026-08-13T22:15:34.706Z,"Medidas: Tapa: 25,1 cm Altura: 26,1 cm Base: 33,8 cm Están fabricadas en polipropileno (PP) de alta resistencia, material que garantiza durabilidad, resistencia mecánica y tolerancia a condiciones ambientales adversas."
5adf2a46-4d14-4eaa-b00d-1a4e36236a72,img:valvulas-de-control-hidraulico-adi,,Válvulas de control hidráulico ADI,valvulas-de-control-hidraulico-adi,e61d87b4-93df-4d0c-afed-89835b844de1,,https://surerain.com/catalogo?producto=valvulas-de-control-hidraulico-adi,1,f92406ce2778b1bf9f929ea9524d2cbae746c8b7fdd6e4442ba9178b955a19ff,2026-08-13T22:03:34.454Z,2026-08-13T22:15:34.706Z,
bff9f32e-a3e3-452e-9b62-2872b5118005,img:valvulas-de-control-hidraulico-ama,,Válvulas de control hidráulico AMA,valvulas-de-control-hidraulico-ama,e61d87b4-93df-4d0c-afed-89835b844de1,,https://surerain.com/catalogo?producto=valvulas-de-control-hidraulico-ama,1,5514ca9b7afd6ee18c2932b44574f90d82374e57f3363b0aa1513bf545635e81,2026-08-13T22:03:34.454Z,2026-08-13T22:15:34.706Z,
1edff3ae-b65e-4822-b4e7-f2277b21bd0b,img:valvulas-de-control-hidraulico-ami,,Válvulas de control hidráulico AMI,valvulas-de-control-hidraulico-ami,e61d87b4-93df-4d0c-afed-89835b844de1,,https://surerain.com/catalogo?producto=valvulas-de-control-hidraulico-ami,1,42c6e318782fd0e27c09891a388ae1948fa91eb7bb3cf82b0f57358ed4062b73,2026-08-13T22:03:34.454Z,2026-08-13T22:15:34.706Z,
778d2ec6-8ada-44f3-9ab2-9853442801f7,img:valvula-esferica-pead-con-union-doble,,Válvula esférica PEAD (Con unión doble),valvula-esferica-pead-con-union-doble,ada680ba-9c5e-4b51-9441-bef501040fd1,,https://surerain.com/catalogo?producto=valvula-esferica-pead-con-union-doble,1,bc4d6dff4f2b9b02643a63c17d0c3fee9010c79392d2db91fc653114158031da,2026-08-13T22:03:34.454Z,2026-08-13T22:15:34.706Z,CARACTERÍSTICAS GENERALES: – Confeccionados en Polipropileno. – Presión máxima de trabajo a 20°c.; 10 Bar (PN 10)
bbb8b16b-5734-409f-a462-81bbf955fe3b,img:caja-circular-mini-plastica-alfa,,Caja Circular Mini Plástica Alfa,caja-circular-mini-plastica-alfa,14b4f623-921c-43d0-84bd-6c67fca9e625,,https://surerain.com/catalogo?producto=caja-circular-mini-plastica-alfa,1,252a7f214fb5cf4de0123c7c2219ddaa17cd952c420c5beb1899d27e6700a15a,2026-08-13T22:03:34.454Z,2026-08-13T22:15:34.706Z,Medidas Modelo Mini: Diámetro: 20 cm Altura: 23 cm Construidas en polipropileno reforzado para máxima resistencia mecánica y estabilidad frente a impactos y exposición solar.
58dbae7f-db0d-44b0-8052-86614018e671,img:caja-circular-large-plastica-alfa,,Caja Circular Large Plástica Alfa,caja-circular-large-plastica-alfa,14b4f623-921c-43d0-84bd-6c67fca9e625,,https://surerain.com/catalogo?producto=caja-circular-large-plastica-alfa,1,37f2e68a7bf56476bc32544452474939e47857743e3789a6393b8af346eb7c13,2026-08-13T22:03:34.454Z,2026-08-13T22:15:34.706Z,Medidas Modelo Large: Diámetro: 32 cm Altura: 25 cm Construidas en polipropileno reforzado para máxima resistencia mecánica y estabilidad frente a impactos y exposición solar.
4900b4a1-4c6d-4350-8586-3b89bddb9ec7,img:caja-retangular-standard-plastica-alfa,,Caja Retangular Standard Plástica Alfa,caja-retangular-standard-plastica-alfa,14b4f623-921c-43d0-84bd-6c67fca9e625,,https://surerain.com/catalogo?producto=caja-retangular-standard-plastica-alfa,1,1941ba97e0bb9586af2e1f20d97707701de9aa5ec5432b6ab06ad69360ce7ba6,2026-08-13T22:03:34.454Z,2026-08-13T22:15:34.706Z,"Medidas Modelo Standard: Tapa: 38 cm Altura: 30 cm Base: 49,6 cm Construidas en polipropileno reforzado para máxima resistencia mecánica y estabilidad frente a impactos y exposición solar."
7fc5dc21-fb29-41f8-a767-5e9ccdd77760,img:caja-retangular-jumbo-plastica-alfa,,Caja Retangular Jumbo Plástica Alfa,caja-retangular-jumbo-plastica-alfa,14b4f623-921c-43d0-84bd-6c67fca9e625,,https://surerain.com/catalogo?producto=caja-retangular-jumbo-plastica-alfa,1,29aeee9e1ef4d988491816dd06a77ec36abee7b6ec586b69ebf79f9a9c08a4cf,2026-08-13T22:03:34.454Z,2026-08-13T22:15:34.706Z,Medidas Modelo Jumbo: Tapa: 50 cm Altura: 30 cm Base: 64 cm Construidas en polipropileno reforzado para máxima resistencia mecánica y estabilidad frente a impactos y exposición solar.
1a221d45-28fa-498e-9a78-c4c3eceefd11,img:valvulas-tecnidro-metalicas,,Válvulas Tecnidro Metálicas,valvulas-tecnidro-metalicas,1276054d-3ae1-4f04-becb-2a67523627ea,,https://surerain.com/catalogo?producto=valvulas-tecnidro-metalicas,1,88a7a87c76145f7c4854440d3e3ab1091a96e02849bf3b01b055ce54b31b677c,2026-08-13T22:03:34.454Z,2026-08-13T22:15:34.706Z,
c863fa2b-1caf-404d-8f5f-d1f989a6c8ce,img:valvulas-tecnidro-plasticas,,Válvulas Tecnidro Plásticas,valvulas-tecnidro-plasticas,1276054d-3ae1-4f04-becb-2a67523627ea,,https://surerain.com/catalogo?producto=valvulas-tecnidro-plasticas,1,5fe2fe69bd56837a77982a8c421e24d8b5cf1662d8eba04e5740dc181c4391ce,2026-08-13T22:03:34.454Z,2026-08-13T22:15:34.706Z,
2db6c934-3fad-4ceb-ac04-e06c6332cc8d,img:caudalimetros-tecnidro,,Caudalímetros Tecnidro c/emisor de pulso,caudalimetros-tecnidro-c-emisor-de-pulso,1276054d-3ae1-4f04-becb-2a67523627ea,,https://surerain.com/catalogo?producto=caudalimetros-tecnidro-c-emisor-de-pulso,1,3b8807a492c4cd3bdcd4a35254756d85a1f8d291620571896f07da679091b81b,2026-08-13T22:03:21.631Z,2026-08-13T22:15:34.706Z,CARACTERÍSTICAS: – Pasaje de alto caudal con baja pérdida de carga – Sistema autolimpiante que permite buen funcionamiento con agua sucia – Mecanismo de medición desmontable – Medición mediante pulsos magnéticos inalterables por campos externos – Sellado hermético de mecanismo – Preparado para conex…
a39da078-3b59-482b-801f-5404f0294039,img:caudalimetro-metalico-bridado,,Caudalímetro metálico bridado,caudalimetro-metalico-bridado,,,https://surerain.com/catalogo?producto=caudalimetro-metalico-bridado,1,77c236be72fda644523a801179d6c67ff1bd1788febc32e52a73288a227480c4,2026-08-13T22:03:34.454Z,2026-08-13T22:15:34.706Z,CARACTERÍSTICAS: – Pasaje de alto caudal con baja pérdida de carga. – Sistema autolimpiante que permite buen funcionamiento con agua sucia.
cea4a020-b7fe-4fe9-8530-d996cf6bcbd0,img:manometro-1-4-de-0-6-bares-y-de-0-10-bares,,Manómetro 1/4″ de 0-6 bares y de 0-10 bares,manometro-1-4-de-0-6-bares-y-de-0-10-bares,e61d87b4-93df-4d0c-afed-89835b844de1,,https://surerain.com/catalogo?producto=manometro-1-4-de-0-6-bares-y-de-0-10-bares,1,b687d00cd31e7c0b5418e4371ae0f7ae23e0bdccf119c70d287028aa1cd40b3c,2026-08-13T22:03:34.454Z,2026-08-13T22:15:34.706Z,Manómetro 1/4″ de 0-6 bares Cód. VAGR009940.0006 Manómetro 1/4″ de 0-10 bares Cód. VAGR009940.0010
df711ce8-9e78-4a2b-b66a-42c315f389ec,img:adaptador-para-manometro,,Adaptador para manómetro,adaptador-para-manometro,e61d87b4-93df-4d0c-afed-89835b844de1,,https://surerain.com/catalogo?producto=adaptador-para-manometro,1,2a87b48e54996127752f32f63416837a5fcfbb42bc6f818fb2b5052dc1c373d2,2026-08-13T22:03:34.454Z,2026-08-13T22:15:34.706Z,Adaptador para manómetro rh 1/4″ a rm 1/2″ Cód. VAGR02530.0001F Adaptador para manómetro rh 1/4″ a rm 3/4″ Cód. VAGR02530.0002F
b58ba282-091b-4a92-a017-1ccdb1290765,img:flujometro-rh-1-2-y-3-4,,Flujómetro rh 1/2″ y 3/4″,flujometro-rh-1-2-y-3-4,e61d87b4-93df-4d0c-afed-89835b844de1,,https://surerain.com/catalogo?producto=flujometro-rh-1-2-y-3-4,1,53949a46dbb719d66dd2952fa806d894e6ea9afc878a094f7d4c4426ab9ae5e0,2026-08-13T22:03:34.454Z,2026-08-13T22:15:34.706Z,Flujómetro rh 1/2″ Cód. VAGR009980.041A Flujómetro rh 3/4″ Cód. VAGR009980.041B
80bafa7d-94ea-43d2-a2b8-1c9f94fddaa7,img:caudalimetro-plastico-tecnidro,,Caudalímetro Plástico Tecnidro,caudalimetro-plastico-tecnidro,1276054d-3ae1-4f04-becb-2a67523627ea,,https://surerain.com/catalogo?producto=caudalimetro-plastico-tecnidro,1,9ce936a23e6a30b2a7c86de895862a79357d98ed3f4ec43cf4268906043daef6,2026-08-13T22:03:34.454Z,2026-08-13T22:15:34.706Z,
d222841c-afc7-41e5-a3dc-41ae9bd4e627,img:programador-de-canilla,,Programador de Canilla,programador-de-canilla,7de41fc4-de28-44c7-a3c5-1caa15e0f612,,https://surerain.com/catalogo?producto=programador-de-canilla,1,db819a613e7604b03a7e2b794721e29dd186c7de29f628984655995f8ee9efda,2026-08-13T22:03:34.454Z,2026-08-13T22:15:34.706Z,CARACTERÍSTICAS: – Posee un solenoide interno para realizar el cierre y apertura. – Alimentación: batería de 9v.
1f699f3d-7f98-42fa-9437-f7d18d1fe7bf,img:programador-de-retrolavado-tic-dp,,Programador de Retrolavado TIC-DP,programador-de-retrolavado-tic-dp,1276054d-3ae1-4f04-becb-2a67523627ea,,https://surerain.com/catalogo?producto=programador-de-retrolavado-tic-dp,1,8ead796b76d2eec744071ea631c20b2c79427005cc65ce39ad8926f7ac44322c,2026-08-13T22:03:34.454Z,2026-08-13T22:15:34.706Z,El Programador Electrónico de la Serie TIC-DP es una solución versátil desarrollada para sistemas de filtración de 2 a 4 estaciones.
86fa2285-5876-4ee8-b0f8-84d4722e18b2,img:pro-lc-8-y-12-estaciones-con-funcion-loop,,"PRO LC 4, 8 y 12 estaciones con función loop",pro-lc-4-8-y-12-estaciones-con-funcion-loop,e2b2a28c-4579-4f51-abf9-a03763736a76,,https://surerain.com/catalogo?producto=pro-lc-4-8-y-12-estaciones-con-funcion-loop,1,2b91dca473d6cb6b7e6d365f163613e99442948c324ddc077a7e374412ca61f9,2026-08-13T22:03:34.454Z,2026-08-13T22:15:34.706Z,"PROGRAMADOR PRO LC 4, 8 y 12 estaciones con función loop El Pro-LC ofrece una nueva perspectiva en programadores económicos con todas las ventajas y beneficios del programador Pro Ex 2.0."
4fc484bf-94a6-46c3-8e6f-4305f880fe9a,img:pro-lc-8-y-12-estaciones,,PRO LC 8 y 12 estaciones,pro-lc-8-y-12-estaciones,e2b2a28c-4579-4f51-abf9-a03763736a76,,https://surerain.com/catalogo?producto=pro-lc-8-y-12-estaciones,1,5a99bdd928e2ec79e90b53076760f845182096d820f44ee3ecf1843e6f98c235,2026-08-13T22:03:34.454Z,2026-08-13T22:15:34.706Z,PROGRAMADOR PRO LC 8 y 12 estaciones El Pro-LC ofrece una nueva perspectiva en programadores económicos con todas las ventajas y beneficios del programador Pro Ex 2.0.
e6369402-0573-43bc-ba6d-5c5aa2a101b8,img:pro-tap-100,,Pro-Tap 100,pro-tap-100,e2b2a28c-4579-4f51-abf9-a03763736a76,,https://surerain.com/catalogo?producto=pro-tap-100,1,702e04dbf674b3c33cb58f5a21c50cf4bf715ff6c227c1da66b1c439580c7378,2026-08-13T22:03:34.454Z,2026-08-13T22:15:34.706Z,"Especificaciones Técnicas: – Tamaño de conexión: entrada RH ¾” y salida RH ¾” (Incluye conector rápido) – Duración de riego programable: de 1 a 360 minutos, con intervalos ajustables de 1 a 12 horas o de 1 a 7 días."
d88ced43-46fe-4c87-938e-4826e9025e8f,img:sensor-de-lluvia-3208-k-rain,,Sensor de lluvia 3208 K-Rain,sensor-de-lluvia-3208-k-rain,e2b2a28c-4579-4f51-abf9-a03763736a76,,https://surerain.com/catalogo?producto=sensor-de-lluvia-3208-k-rain,1,1954cb7e2eefb6b1dcbd91a6756704793067292cafc8f97350147005739f785a,2026-08-13T22:03:34.454Z,2026-08-13T22:15:34.706Z,
1fbec034-e0b1-4dc1-888a-9b5b07c2f748,img:k-rain-bl-kr-bluetooth,,K-Rain BL-KR Bluetooth,k-rain-bl-kr-bluetooth,e2b2a28c-4579-4f51-abf9-a03763736a76,,https://surerain.com/catalogo?producto=k-rain-bl-kr-bluetooth,1,c976e6024176cd2ee75228402aae5491558cea0dccc1fc5930a12fe1f6165ffb,2026-08-13T22:03:34.454Z,2026-08-13T22:15:34.706Z,Este producto está diseñado para no tener que acceder a la caja de válvulas cada vez que hay que programar o solucionar algún problema en el temporizador con batería.
aa3cdd51-4379-48d3-8162-ac774dbacf18,img:valvula-selenoide-con-programador,,Válvula Solenoide con Programador,valvula-solenoide-con-programador-valvula-selenoide-con-programador,7de41fc4-de28-44c7-a3c5-1caa15e0f612,,https://surerain.com/catalogo?producto=valvula-solenoide-con-programador,1,66d93323d4739d9126c3ca149114b7c1d58fbdfb18d6e79e4ada6529f2993cff,2026-08-13T22:03:34.454Z,2026-08-13T22:15:34.706Z,Válvula solenoide con programador a batería incorporado Características técnicas: – Alimentación: batería de 9v ( duración 1 año).
8a94765d-bc1c-442b-916d-8566798853d1,img:k-rain-rps-46,RPS-46,K-RAIN RPS 46,k-rain-rps-46,e2b2a28c-4579-4f51-abf9-a03763736a76,,https://surerain.com/catalogo?producto=k-rain-rps-46,1,8d982ac754db51fdb48c1cfa0047c6ee2abd3123ebf2097a7ab68c7493c8649d,2026-08-13T22:03:34.454Z,2026-08-13T22:15:34.706Z,El RPS 46 tiene cuatro programas individuales que permiten un riego eficiente en cada programa. Una característica clave de esta unidad es el ajuste estacional que permite ajustar los tiempos de riego a medida que cambian las estaciones del año.
47c5dee8-36f8-47e9-90a3-902a54793f36,img:k-rain-pro-ex-2-0,,K-RAIN Pro EX 2.0,k-rain-pro-ex-2-0,e2b2a28c-4579-4f51-abf9-a03763736a76,,https://surerain.com/catalogo?producto=k-rain-pro-ex-2-0,1,4cac71a353bdc8ffa38e7c1039fb05e91364b27a28db43816e0fbcbd4d322153,2026-08-13T22:03:34.454Z,2026-08-13T22:15:34.706Z,"El programador de riego modular K-Rain Pro EX 2.0, le permite expandir fácilmente de 4 a 16 zonas. Su pantalla retroiluminada (la más grande en el Mercado), su programación fácil de usar y los botones táctiles, elevan al Pro EX 2.0 a un nivel completamente nuevo en el area de los programadores de riego."
d17aafb6-9193-4136-8be0-5dd8800e54a6,img:k-rain-pro-ex-2-0-wifi,,K-Rain Pro EX 2.0 WIFI,k-rain-pro-ex-2-0-wifi,e2b2a28c-4579-4f51-abf9-a03763736a76,,https://surerain.com/catalogo?producto=k-rain-pro-ex-2-0-wifi,1,e9cdd93a3076a71deca8f11504a576af1b7eee0ec4c29c3988ed40140b644eeb,2026-08-13T22:03:34.454Z,2026-08-13T22:15:34.706Z,"K-Rain ha transformado el robusto, fiable y lleno de ventajas Pro EX 2.0 en una herramienta inteligente, multitarea y con gran productividad que cada contratista querrá! Ahora con la capacidad WiFi, el Pro EX 2.0 cambiará la manera en que los contratistas de riego, los administradores de instalaciones y los superintendentes de terrenos municipales administran las zonas de riego."
f51027b9-a8d4-4180-9a9f-3c694879a9b7,img:monturas-abrazaderas-o-silletas-2-bulones,,"Monturas, abrazaderas o silletas, 2 bulones",monturas-abrazaderas-o-silletas-2-bulones,80901ed2-194f-439d-bb2f-9ae0e9eabc44,,https://surerain.com/catalogo?producto=monturas-abrazaderas-o-silletas-2-bulones,1,6596fcd2554165db49c1509761a81b9957aa76a8be141db84468d8936dcc9cd2,2026-08-13T22:03:34.454Z,2026-08-13T22:15:34.706Z,"– Material plástico MEDIDAS DISPONIBLES: 20×1/2”, 25×1/2”, 25×3/4” 32×1/2”, 32×3/4”, 32×1”, 40×1/2”, 40×3/4”, 40×1”, 50×1/2”, 50×3/4”, 50×1”"
2e1fdb83-0255-41f6-a71e-d67a4b88f0ba,img:monturas-abrazaderas-o-silletas-4-bulones,,"Monturas, abrazaderas o silletas, 4 bulones",monturas-abrazaderas-o-silletas-4-bulones,80901ed2-194f-439d-bb2f-9ae0e9eabc44,,https://surerain.com/catalogo?producto=monturas-abrazaderas-o-silletas-4-bulones,1,956316fb4c8ba6220fef18d9df6ad7f1f8ce5c30f1e9cbb100d44c5344d06580,2026-08-13T22:03:34.454Z,2026-08-13T22:15:34.706Z,"– Material plástico. MEDIDAS DISPONIBLES: 63×1/2”, 63×3/4”, 63×1”, 63×11/2”, 75×1/2”, 75×3/4”, 75×1”, 75×11/2”, 75×2”, 90×1/2”, 90×3/4”, 90×1”, 90×11/2”, 90×2”, 110×1/2”, 110×3/4”, 110×1”, 110×11/2”, 110×2”, 110×11/4”"
3cc20711-28c5-4d05-8bb7-d7327d8ccd9f,img:monturas-abrazaderas-o-silletas-6-bulones-2,,"Monturas, abrazaderas o silletas, 6 bulones",monturas-abrazaderas-o-silletas-6-bulones,80901ed2-194f-439d-bb2f-9ae0e9eabc44,,https://surerain.com/catalogo?producto=monturas-abrazaderas-o-silletas-6-bulones,1,5ae6b018aae4e3e6d8ff187261201cef90d303564a6f3eeb0886fb07329f54f6,2026-08-13T22:03:34.454Z,2026-08-13T22:15:34.706Z,"– Material plástico. MEDIDAS DISPONIBLES: 110×3”, 125×11/2”, 125×2”, 140×3/4”, 140×1”, 140×11/2”, 140×2”, 140×3”, 160×1/2”, 160×3/4”, 160×1”, 160×11/2”, 160×2”, 160×3”, 160×4”, 200×2”, 200×3”, 200×4”, 225×2”, 225×3”, 250×2”, 250×3”, 250×4”, 315×2”, 315×3”, 315×4”"
31e9051e-2065-4dd6-b7c2-96534c84cf87,img:con-bulones-y-anillo-metalico-de-refuerzo,,Monturas con bulones y anillo metálico de refuerzo,monturas-con-bulones-y-anillo-metalico-de-refuerzo,e0067f9c-ccf7-43d9-aaee-8343b8a67aed,,https://surerain.com/catalogo?producto=monturas-con-bulones-y-anillo-metalico-de-refuerzo,1,aeed6906ec3ce21dbb9169d680519ed95a33b3e23afb8eee94bb96aefc300de2,2026-08-13T22:03:34.454Z,2026-08-13T22:15:34.706Z,"Monturas 2 y 4 bulones con anillo de refuerzo MEDIDAS DISPONIBLES: 32×1/2”, 32×3/4”, 32×1”, 40×1/2”, 40×3/4”, 40×1”, 50×1/2”, 50×3/4”, 50×1”, 63×1/2”, 63×3/4”, 63×1”, 63×11/2”, 75×1/2”, 75×3/4”, 75×1”, 75×11/2”, 75X2”, 90×1/2”, 90×3/4”, 90×1”, 90×11/2”, 90×2”, 110×1/2”, 110×3/4”, 110×1”, 110×11/2”, …"
9e34ab61-f1bf-442d-91a0-b1af9a3df6ac,img:monturas-con-cuna,,Monturas con cuña,monturas-con-cuna,14b4f623-921c-43d0-84bd-6c67fca9e625,,https://surerain.com/catalogo?producto=monturas-con-cuna,1,36dccdf4b804bb32ba4e3f4fb2eabc7128c521677c9097c76ee4d056bc076984,2026-08-13T22:03:34.454Z,2026-08-13T22:15:34.706Z,"MEDIDAS DISPONIBLES: 40×1/2”, 40×3/4”, 40×1”, 50×1/2”, 50×3/4”, 50×1”"
9fe48207-1cce-4660-a8ea-afb4ecde4471,img:abrazadera-metalica-greenplains,,Abrazadera metálica GreenPlains,abrazadera-metalica-greenplains,e61d87b4-93df-4d0c-afed-89835b844de1,,https://surerain.com/catalogo?producto=abrazadera-metalica-greenplains,1,14216ca93c20a1daae9e0f1adfa7c68faaa3e6ae84627fc4a9c84d5ffdbd3b86,2026-08-13T22:03:34.454Z,2026-08-13T22:15:34.706Z,Medidas disponibles: 52-55 mm / 74-79 mm 104-112 mm / 149-161 mm
d59df6bc-bf97-498b-aaab-aaba2c4a9c8f,img:buje-reductor-hembra-hembra-con-aro-de-goma,PN10,Buje reductor Hembra-Hembra con aro de goma (PN10),buje-reductor-hembra-hembra-con-aro-de-goma-pn10,e0067f9c-ccf7-43d9-aaee-8343b8a67aed,,https://surerain.com/catalogo?producto=buje-reductor-hembra-hembra-con-aro-de-goma-pn10,1,6deb725587fa719f220cbfd21612ead91bbfaac38d576d6929a2c236bc8c4bd9,2026-08-13T22:03:34.454Z,2026-08-13T22:15:34.706Z,Características : -Material: PVC. -Presión máxima de trabajo: PN 10. -Color: Gris. -Utilizado con agua fría o caliente.
52af68bc-8706-4e9f-93bb-6faa9f45dd24,img:cupla-hembra-hembra-con-aro-de-goma,PN10,Cupla Hembra-Hembra con aro de goma (PN10),cupla-hembra-hembra-con-aro-de-goma-pn10,dbcf3c96-e062-4073-a94a-d2146039eed1,,https://surerain.com/catalogo?producto=cupla-hembra-hembra-con-aro-de-goma-pn10,1,7348cf31ee84dbf1b8f1ebbe2954eb1e12a6c51772ff054a973b9cbc522914f3,2026-08-13T22:03:34.454Z,2026-08-13T22:15:34.706Z,Características : -Material: PVC. -Presión máxima de trabajo: PN 10. -Color: Gris. -Utilizado con agua fría o caliente.
8a2eef6e-5b15-47f7-8e7b-567d61ee4c02,img:codo-90-hembra-hembra-con-aro-de-goma,PN10,Codo 90° Hembra-Hembra con aro de goma (PN10),codo-90-hembra-hembra-con-aro-de-goma-pn10,e0067f9c-ccf7-43d9-aaee-8343b8a67aed,,https://surerain.com/catalogo?producto=codo-90-hembra-hembra-con-aro-de-goma-pn10,1,f837ac5caa3f49ee2b5c01322a5423eed13fdd0512baa9beaa39789b8583a869,2026-08-13T22:03:34.454Z,2026-08-13T22:15:34.706Z,Características : -Material: PVC. -Presión máxima de trabajo: PN 10. -Color: Gris. -Utilizado con agua fría o caliente.
3ba81da7-5002-4560-a139-9d85921c7933,img:codo-45-hembra-hembra-con-aro-de-goma,PN10,Codo 45° Hembra-Hembra con aro de goma (PN10),codo-45-hembra-hembra-con-aro-de-goma-pn10,e0067f9c-ccf7-43d9-aaee-8343b8a67aed,,https://surerain.com/catalogo?producto=codo-45-hembra-hembra-con-aro-de-goma-pn10,1,d000cb18404fbd6b167c89441a32ff3a71325e46b44d518ce24f78ddae3663dc,2026-08-13T22:03:34.454Z,2026-08-13T22:15:34.706Z,Características : -Material: PVC. -Presión máxima de trabajo: PN 10. -Color: Gris. -Utilizado con agua fría o caliente.
f9614a5a-e69c-492c-b727-f88ac6ea75a4,img:union-doble-pn10,PN10,Unión doble (PN10),union-doble-pn10,dbcf3c96-e062-4073-a94a-d2146039eed1,,https://surerain.com/catalogo?producto=union-doble-pn10,1,1fc0444b69d7ea38b6175e1f63222ab070cf409daef95da31939251f55179e3c,2026-08-13T22:03:34.454Z,2026-08-13T22:15:34.706Z,"CARACTERÍSTICAS : -Material: PVC -Presión máxima de trabajo: PN 10 -Color: Gris -Utilizado con agua fría o caliente. -Ideal para uso agropecuario y domiciliario -Temperatura de trabajo: 6 c° hasta 60 c° MEDIDAS DISPONIBLES : PN10: 20 mm, 25 mm, 32 mm, 40 mm, 50 mm, 63 mm, 75 mm, 90 mm, 110 mm"
c9309e2c-f4fa-4945-bc4b-cd57d3f7940f,img:t-reductora-h-h-h-con-aro-de-goma,PN10,T de 90° reducción H-H-H con aro de goma (PN10),t-de-90-reduccion-h-h-h-con-aro-de-goma-pn10,e0067f9c-ccf7-43d9-aaee-8343b8a67aed,,https://surerain.com/catalogo?producto=t-de-90-reduccion-h-h-h-con-aro-de-goma-pn10,1,e499bb6d5eb4430a4e2071427b852a16045ce86914d26b502eeb8800cf5c4e91,2026-08-13T22:03:34.454Z,2026-08-13T22:15:34.706Z,Características : -Material: PVC. -Presión máxima de trabajo: PN 10. -Color: Gris. -Utilizado con agua fría o caliente. -Ideal para uso agropecuario y domiciliario. Medidas : Ø75X63 cód. ACYO0TEHHH75X63 Ø110X63 cód. ACYOTEHHH110X63 Ø110×75 cód. ACYOTEHHH110X75 Ø110×90 cód. ACYOTEHHH110X90 Ø160X75 cód. CYOTEHHH160X75 Ø160×110 cód. ACYOTEHH160x110
1d98c0e3-828d-4e0d-88aa-678cf42002a7,img:brida-campana-con-aro-de-goma,PN10,Brida campana con aro de goma (PN10),brida-campana-con-aro-de-goma-pn10,e0067f9c-ccf7-43d9-aaee-8343b8a67aed,,https://surerain.com/catalogo?producto=brida-campana-con-aro-de-goma-pn10,1,1efcb1dec2dfb938dd47fcc0c89a5028b126e5aee23812f47f3afd51894e1835,2026-08-13T22:03:34.454Z,2026-08-13T22:15:34.706Z,Características : -Material: PVC. -Presión máxima de trabajo: PN 10. -Color: Gris. -Utilizado con agua fría o caliente.
52b8ce40-be53-4fa2-9f51-45e0f445121a,img:brida-ciega,PN10,Brida ciega (PN10),brida-ciega-pn10,e0067f9c-ccf7-43d9-aaee-8343b8a67aed,,https://surerain.com/catalogo?producto=brida-ciega-pn10,1,caa6ca5adfd02d6614bb3c766c0ab66593eb834792d0815128d09975b0d339a1,2026-08-13T22:03:34.454Z,2026-08-13T22:15:34.706Z,Características : -Material: PVC. -Presión máxima de trabajo: PN 10. -Color: Gris. -Utilizado con agua fría o caliente. -Ideal para uso agropecuario y domiciliario. Medidas : Ø110 cód. ACYOBRICIEGA110 Ø160 cód. ACYOBRICIEGA160 Ø200 cód. ACYOBRICIEGA200
cd04dd8a-5d96-414e-a73e-dcd0a339556d,img:cupla-hembra-hembra-pn10,PN10,Cupla hembra-hembra (PN10),cupla-hembra-hembra-pn10,ada680ba-9c5e-4b51-9441-bef501040fd1,,https://surerain.com/catalogo?producto=cupla-hembra-hembra-pn10,1,7487216024ddd218e0a1fc2d6ce0ef0b9aa283f494f8532341a7c4ada6774afe,2026-08-13T22:03:34.454Z,2026-08-13T22:15:34.706Z,"CARACTERÍSTICAS : -Material: PVC -Presión máxima de trabajo: PN 10 -Color: Gris -Utilizado con agua fría o caliente. -Ideal para uso agropecuario y domiciliario -Temperatura de trabajo: 6 c° hasta 60 c° MEDIDAS DISPONIBLES : 20 mm, 25 mm, 32 mm, 40 mm, 50 mm, 63 mm, 75 mm, 90 mm, 110 mm, 140 mm, 160 mm, 200 mm, 250 mm, 315 mm, 355 mm"
486b7e5a-ca95-4cdf-9531-c083c288429f,img:codo-90-hembra-hembra-pn10,PN10,Codo 90° hembra-hembra (PN10),codo-90-hembra-hembra-pn10,ada680ba-9c5e-4b51-9441-bef501040fd1,,https://surerain.com/catalogo?producto=codo-90-hembra-hembra-pn10,1,e14274f4f9c4d2cdbefc659f419b43100bad28b71de705f8f1fcfae7d37115cf,2026-08-13T22:03:34.454Z,2026-08-13T22:15:34.706Z,"CARACTERÍSTICAS : -Material: PVC -Presión máxima de trabajo: PN 10 -Color: Gris -Utilizado con agua fría o caliente. -Ideal para uso agropecuario y domiciliario -Temperatura de trabajo: 6 c° hasta 60 c° MEDIDAS DISPONIBLES : 20 mm, 25 mm, 32 mm, 40 mm, 50 mm, 63 mm, 75 mm, 90 mm, 110 mm, 140 mm, 160 mm, 200 mm, 250 mm, 315 mm, 355 mm"
23b0466b-99a5-49c3-bcec-9260855d6432,img:codo-45-hembra-hembra-pn10,PN10,Codo 45° hembra-hembra (PN10),codo-45-hembra-hembra-pn10,ada680ba-9c5e-4b51-9441-bef501040fd1,,https://surerain.com/catalogo?producto=codo-45-hembra-hembra-pn10,1,54eae596e3d473c321360ee12254dbdda68df87338c5885f26656110e0aaf9a0,2026-08-13T22:03:34.454Z,2026-08-13T22:15:34.706Z,"CARACTERÍSTICAS : -Material: PVC -Presión máxima de trabajo: PN 10 -Color: Gris -Utilizado con agua fría o caliente -Ideal para uso agropecuario y domiciliario -Temperatura de trabajo: 6 c° hasta 60 c° MEDIDAS DISPONIBLES : 20 mm, 25 mm, 32 mm, 40 mm, 50 mm, 63 mm, 75 mm, 90 mm, 110 mm, 140 mm, 160 mm, 200 mm, 250 mm, 315 mm, 355 mm"
10138a76-a795-4659-b77a-1c572f132472,img:t-de-90-hembra-hembra-hembra-pn10,PN10,T de 90° hembra-hembra-hembra (PN10),t-de-90-hembra-hembra-hembra-pn10,ada680ba-9c5e-4b51-9441-bef501040fd1,,https://surerain.com/catalogo?producto=t-de-90-hembra-hembra-hembra-pn10,1,5e0ac4941b35c0bfe43207dcac4c0db354be6e403bee621ae64ec57d244bdc5e,2026-08-13T22:03:34.454Z,2026-08-13T22:15:34.706Z,"CARACTERÍSTICAS : -Material: PVC -Presión máxima de trabajo: PN 10 -Color: Gris -Utilizado con agua fría o caliente. -Ideal para uso agropecuario y domiciliario -Temperatura de trabajo: 6 c° hasta 60 c° MEDIDAS DISPONIBLES : 20 mm, 25 mm, 32 mm, 40 mm, 50 mm, 63 mm, 75 mm, 90 mm, 110 mm, 140 mm, 160 mm, 200 mm, 250 mm, 315 mm, 355 mm"
10b8cb10-df66-4935-87ff-f95ab66fc3d2,img:t-de-90-reduccion-hembra-hembra-hembra-pn10,PN10,T de 90° reducción hembra-hembra-hembra (PN10),t-de-90-reduccion-hembra-hembra-hembra-pn10,ada680ba-9c5e-4b51-9441-bef501040fd1,,https://surerain.com/catalogo?producto=t-de-90-reduccion-hembra-hembra-hembra-pn10,1,6c56f4cf8616b969656d9fc1bdc0248a8ccb1cb71c12e786703c155f2ae7be18,2026-08-13T22:03:34.454Z,2026-08-13T22:15:34.706Z,"CARACTERÍSTICAS : -Material: PVC -Presión máxima de trabajo: PN 10 -Color: Gris -Utilizado con agua fría o caliente -Ideal para uso agropecuario y domiciliario -Temperatura de trabajo: 6 c° hasta 60 c° MEDIDAS DISPONIBLES : 63x40x63, 63x50x63, 75x40x75, 75x50x75, 75x63x75, 90x50x90, 90x63x90, 90x75x90, 110x50x110, 110x63x110, 110x75x110, 110x90x110"
482f2d41-d4af-4215-8c52-29e8098db409,img:t-de-90-hembra-rosca-hembra-hembra-pn10,PN10,T de 90° hembra-rosca hembra-hembra (PN10),t-de-90-hembra-rosca-hembra-hembra-pn10,ada680ba-9c5e-4b51-9441-bef501040fd1,,https://surerain.com/catalogo?producto=t-de-90-hembra-rosca-hembra-hembra-pn10,1,6731b2d3d13a796069eba895e84495c871022f1f8d06bc13693f6b1684034ca4,2026-08-13T22:03:34.454Z,2026-08-13T22:15:34.706Z,"CARACTERÍSTICAS : -Material: PVC -Presión máxima de trabajo: PN 10 -Color: Gris -Utilizado con agua fría o caliente. -Ideal para uso agropecuario y domiciliario -Temperatura de trabajo: 6 c° hasta 60 c° MEDIDAS DISPONIBLES : 20x ½ x20, 25x ½ x25"
1ecbc37e-c41d-4b2f-a207-77955cf2425e,img:buje-reduccion-largo-hembra-hembra-pn10,PN10,Buje reducción largo hembra-hembra (PN10),buje-reduccion-largo-hembra-hembra-pn10,ada680ba-9c5e-4b51-9441-bef501040fd1,,https://surerain.com/catalogo?producto=buje-reduccion-largo-hembra-hembra-pn10,1,44f9cbd1638857f1db584d86ed191c78b3dc6db695ffb01808700fc1731b15ab,2026-08-13T22:03:34.454Z,2026-08-13T22:15:34.706Z,"CARACTERÍSTICAS : -Material: PVC -Presión máxima de trabajo: PN 10 -Color: Gris -Utilizado con agua fría o caliente -Ideal para uso agropecuario y domiciliario -Temperatura de trabajo: 6 c° hasta 60 c° MEDIDAS DISPONIBLES : 40×32, 50×40, 63×50, 75×63, 90×75, 110×90, 200×160, 250×200, 315×250, 355×315"
6fd0485b-5051-4d20-8b0a-508e3ece7cad,img:buje-reduccion-corto-hembra-hembra-pn10,PN10,Buje reducción corto hembra-hembra (PN10),buje-reduccion-corto-hembra-hembra-pn10,ada680ba-9c5e-4b51-9441-bef501040fd1,,https://surerain.com/catalogo?producto=buje-reduccion-corto-hembra-hembra-pn10,1,495ba19fad191944407512d0495bae9afeef48a3d9ef1d743299977720878727,2026-08-13T22:03:34.454Z,2026-08-13T22:15:34.706Z,"CARACTERÍSTICAS : -Material: PVC -Presión máxima de trabajo: PN 10 -Color: Gris -Utilizado con agua fría o caliente -Ideal para uso agropecuario y domiciliario -Temperatura de trabajo: 6 c° hasta 60 c° MEDIDAS DISPONIBLES : 25×20, 32×25, 40×32, 50×40, 63×50, 75×63, 90×75, 110×90, 140×110, 160×140, 200×160, 250×200"
1705e271-8b35-4657-bad7-c528cd29c0f1,img:tapa-hembra-pn10,PN10,Tapa hembra (PN10),tapa-hembra-pn10,ada680ba-9c5e-4b51-9441-bef501040fd1,,https://surerain.com/catalogo?producto=tapa-hembra-pn10,1,d7701be8d41c265396dfe3f3ffc0bb6f27d42839f292d478945d0b1c888b4bdf,2026-08-13T22:03:34.454Z,2026-08-13T22:15:34.706Z,"CARACTERÍSTICAS : -Material: PVC -Presión máxima de trabajo: PN 10 -Color: Gris -Utilizado con agua fría o caliente. -Ideal para uso agropecuario y domiciliario -Temperatura de trabajo: 6 c° hasta 60 c° MEDIDAS DISPONIBLES : 20 mm, 25 mm, 32 mm, 40 mm, 50 mm, 63 mm, 75 mm, 90 mm, 110 mm, 140 mm, 160 mm, 200 mm, 250 mm, 315 mm, 355 mm"
6bf7ebc5-0af5-44d4-8842-62b8b0032fd6,img:manguito-rosca-hembra-pn10,PN10,Manguito rosca hembra (PN10),manguito-rosca-hembra-pn10,ada680ba-9c5e-4b51-9441-bef501040fd1,,https://surerain.com/catalogo?producto=manguito-rosca-hembra-pn10,1,dcb638ce3861d617efffad7f914c26c75686cc8dcd3bf0b34aa3d748a0a0cc31,2026-08-13T22:03:34.454Z,2026-08-13T22:15:34.706Z,"CARACTERÍSTICAS : -Material: PVC -Presión máxima de trabajo: PN 10 -Color: Gris -Utilizado con agua fría o caliente. -Ideal para uso agropecuario y domiciliario -Temperatura de trabajo: 6 c° hasta 60 c° MEDIDAS DISPONIBLES : PN10: 20×1/2”, 25×3/4”, 32×1”, 40×1 ¼”, 40×1 ½”,50×1 ½”, 50×2”, 63×2”, 75×2 ½”, 90×3”, 110×4”"
c3d26574-68c1-4502-a555-592321b69e34,img:tapon-roscado-pn10,PN10,Tapón roscado (PN10),tapon-roscado-pn10,ada680ba-9c5e-4b51-9441-bef501040fd1,,https://surerain.com/catalogo?producto=tapon-roscado-pn10,1,9c941230f819ee026e3a7518cac4231fb99c0ce9ced1c12ca3b685fa07309d00,2026-08-13T22:03:34.454Z,2026-08-13T22:15:34.706Z,"CARACTERÍSTICAS : -Material: PVC -Presión máxima de trabajo: PN 10 -Color: Gris -Utilizado con agua fría o caliente -Ideal para uso agropecuario y domiciliario -Temperatura de trabajo: 6 c° hasta 60 c° MEDIDAS DISPONIBLES : 3/4″, 1″, 1 1/4″, 1 1/2″"
2e49b123-745a-4ed2-8057-02748768e8d8,img:manguito-rosca-macho-pn10-pn16-2,PN10,Manguito rosca macho (PN10),manguito-rosca-macho-pn10,ada680ba-9c5e-4b51-9441-bef501040fd1,,https://surerain.com/catalogo?producto=manguito-rosca-macho-pn10,1,9a981bb0a2ad1ca6564086c2d48e37f7412bf5d5952705d62d6bee110b417942,2026-08-13T22:03:34.454Z,2026-08-13T22:15:34.706Z,"CARACTERÍSTICAS : -Material: PVC -Presión máxima de trabajo: PN 10 -Color: Gris -Utilizado con agua fría o caliente. -Ideal para uso agropecuario y domiciliario -Temperatura de trabajo: 6 c° hasta 60 c° MEDIDAS DISPONIBLES : PN10: 20×1/2”, 25×3/4”, 32×1”, 40×1 ¼”, 50×1 ½”, 63×2”, 75×2 ½”, 90×3”, 110×4”"
a7f3d907-36be-44bf-b60d-ea09a7e74251,img:brida-pn10,PN10,Bridas (PN10),bridas-pn10,ada680ba-9c5e-4b51-9441-bef501040fd1,,https://surerain.com/catalogo?producto=bridas-pn10,1,f41cc3c0a07eb77ec74d96d914b6910249cee96113557f442a32243858b8ca65,2026-08-13T22:03:34.454Z,2026-08-13T22:15:34.706Z,"CARACTERÍSTICAS : -Material: PVC -Presión máxima de trabajo: PN 10 -Color: Gris -Utilizado con agua fría o caliente -Ideal para uso agropecuario y domiciliario -Temperatura de trabajo: 6 c° hasta 60 c° MEDIDAS DISPONIBLES : 63 mm, 75 mm, 90 mm, 110 mm, 140 mm, 160 mm, 200 mm, 250 mm"
4298e26c-9a84-4554-968f-ecf530972cb9,img:brida-giratoria-pn10,PN10,Bridas giratorias (PN10),bridas-giratorias-pn10,ada680ba-9c5e-4b51-9441-bef501040fd1,,https://surerain.com/catalogo?producto=bridas-giratorias-pn10,1,50cb7783373fbcb576955731b36d176719e028a4de707f726df711d8ee954543,2026-08-13T22:03:34.454Z,2026-08-13T22:15:34.706Z,"CARACTERÍSTICAS : -Material: PVC -Presión máxima de trabajo: PN 10 -Color: Gris -Utilizado con agua fría o caliente -Ideal para uso agropecuario y domiciliario -Temperatura de trabajo: 6 c° hasta 60 c° MEDIDAS DISPONIBLES : 110 mm, 160 mm,  200 mm, 315 mm y 400 mm"
96a8110d-8f7c-4aa8-a63b-8525be4c8557,img:t-de-90-h-h-h-con-aro-de-goma,PN10,T de 90° H-H-H con aro de goma (PN10),t-de-90-h-h-h-con-aro-de-goma-pn10,ada680ba-9c5e-4b51-9441-bef501040fd1,,https://surerain.com/catalogo?producto=t-de-90-h-h-h-con-aro-de-goma-pn10,1,aba6cd01ee6d9264d3d7136645472af312840e99a361720563cd6fd6a148ebf1,2026-08-13T22:03:34.454Z,2026-08-13T22:15:34.706Z,Características : -Material: PVC. -Presión máxima de trabajo: PN 10. -Color: Gris. -Utilizado con agua fría o caliente.
1d6e56fb-a0b0-41da-8548-30a77a3e4168,img:union-victaulica-hidroten-copia,,Manguito victaulico,manguito-victaulico,14b4f623-921c-43d0-84bd-6c67fca9e625,,https://surerain.com/catalogo?producto=manguito-victaulico,1,0e42f1b40bea436f98e1a3ee05a420117e80784ccd2051c56e4e502685793816,2026-08-13T22:03:34.454Z,2026-08-13T22:15:34.706Z,Manguito victaulico (6″) PVC pegar diam 160mm
9545bbc1-f665-4b4a-8f4c-f67f8f9a6377,img:manguito-alfa-rapid-victaulico-x-rosca-macho,,Manguito alfa rapid (victaulico) x rosca macho,manguito-alfa-rapid-victaulico-x-rosca-macho,14b4f623-921c-43d0-84bd-6c67fca9e625,,https://surerain.com/catalogo?producto=manguito-alfa-rapid-victaulico-x-rosca-macho,1,aa78dbe13be0f8d56ed2d46fcbbcb9243187a518325dd7870acc38f54dbf9a5f,2026-08-13T22:03:34.454Z,2026-08-13T22:15:34.706Z,Manguito alfa rapid 2″ (victaulico) x rosca macho 2″ ALFA AR 151-2-2 Manguito alfa rapid 3″ (victaulico) x rosca macho 3″ ALFA AR 151-3-3 Manguito alfa rapid 4″ (victaulico) x rosca macho 4″ ALFA AR 151-4-4
6841bf2d-d59a-426f-a29d-a5f47bf93f20,img:bridas-metalicas,,Bridas metálicas,bridas-metalicas,4b123b17-6e52-49fe-8659-fe083bf29ca9,,https://surerain.com/catalogo?producto=bridas-metalicas,1,7a51aaf94e785d05fe0e13fb296ed7067ff4772debf3a2497daed065ba8dd5ac,2026-08-13T22:03:34.454Z,2026-08-13T22:15:34.706Z,
2fcdf1e0-a85f-4311-9b2c-d37558fd50f1,img:manguito-rosca-macho-pn10-pn16,PN16,Codo 90° hembra-hembra (PN16),codo-90-hembra-hembra-pn16,dbcf3c96-e062-4073-a94a-d2146039eed1,,https://surerain.com/catalogo?producto=codo-90-hembra-hembra-pn16,1,2772bf60e5f42f121a36844ec23161de0b2501d29319c1fc8afca84f08bb0a1c,2026-08-13T22:03:34.454Z,2026-08-13T22:15:34.706Z,"CARACTERÍSTICAS : -Material: PVC -Presión máxima de trabajo: PN 16 -Color: Gris -Utilizado con agua fría o caliente -Ideal para uso agropecuario y domiciliario -Temperatura de trabajo: 6 c° hasta 60 c° MEDIDAS DISPONIBLES : 32 mm, 40 mm, 50 mm, 63 mm, 75 mm, 90 mm, 110 mm, 140 mm, 160 mm, 200 mm"
84e5019e-7cc8-4f87-934c-f5b2d30be3a7,img:manguito-rosca-hembra-pn16,PN16,Manguito rosca hembra (PN16),manguito-rosca-hembra-pn16,ada680ba-9c5e-4b51-9441-bef501040fd1,,https://surerain.com/catalogo?producto=manguito-rosca-hembra-pn16,1,0199b454f57d7953af0734abdbdbd7b5d5a05eeb08fe2bbac1ca992f91f63682,2026-08-13T22:03:34.454Z,2026-08-13T22:15:34.706Z,"CARACTERÍSTICAS : -Material: PVC -Presión máxima de trabajo: PN 16 -Color: Gris -Utilizado con agua fría o caliente. -Ideal para uso agropecuario y domiciliario -Temperatura de trabajo: 6 c° hasta 60 c° MEDIDAS DISPONIBLES : PN16: 40×1”, 40×1 ½”, 50×2”"
ab00ae02-b1a8-43a1-ba7a-1345604b7966,img:codo-45-hembra-hembra-pn16,PN16,Codo 45° hembra-hembra (PN16),codo-45-hembra-hembra-pn16,ada680ba-9c5e-4b51-9441-bef501040fd1,,https://surerain.com/catalogo?producto=codo-45-hembra-hembra-pn16,1,40d75cf466f5c89d26260863f6322a3433f447e9b4f0335c36d9e0b59e4e04b0,2026-08-13T22:03:34.454Z,2026-08-13T22:15:34.706Z,"CARACTERÍSTICAS : -Material: PVC -Presión máxima de trabajo: PN 16 -Color: Gris -Utilizado con agua fría o caliente. -Ideal para uso agropecuario y domiciliario -Temperatura de trabajo: 6 c° hasta 60 c° MEDIDAS DISPONIBLES : 140 mm, 160 mm"
f0f1c511-b788-4723-97a8-bc27567852ae,img:t-de-90-hembra-hembra-hembra-pn16,PN16,T de 90° hembra-hembra-hembra (PN16),t-de-90-hembra-hembra-hembra-pn16,ada680ba-9c5e-4b51-9441-bef501040fd1,,https://surerain.com/catalogo?producto=t-de-90-hembra-hembra-hembra-pn16,1,6238d1231b1d2422b6a96edbd01d9a0766c1e34914625a4a2ab27059447e46c8,2026-08-13T22:03:34.454Z,2026-08-13T22:15:34.706Z,"CARACTERÍSTICAS : -Material: PVC -Presión máxima de trabajo: PN 16 -Color: Gris -Utilizado con agua fría o caliente. -Ideal para uso agropecuario y domiciliario -Temperatura de trabajo: 6 c° hasta 60 c° MEDIDAS DISPONIBLES : 32 mm, 40 mm, 50 mm, 63 mm, 75 mm, 90 mm, 110 mm, 140 mm, 160 mm"
ea2c305b-e322-46e5-a1f7-14c1c5fbfde2,img:manguito-rosca-hembra-pn10-pn16,PN16,Cupla hembra-hembra (PN16),cupla-hembra-hembra-pn16,ada680ba-9c5e-4b51-9441-bef501040fd1,,https://surerain.com/catalogo?producto=cupla-hembra-hembra-pn16,1,fb6612b3ad790d4fb30834c0171a43834295f488967fcfc8328174d6fe53ac3b,2026-08-13T22:03:34.454Z,2026-08-13T22:15:34.706Z,CARACTERÍSTICAS : -Material: PVC -Presión máxima de trabajo: PN 16 -Color: Gris -Utilizado con agua fría o caliente. -Ideal para uso agropecuario y domiciliario -Temperatura de trabajo: 6 c° hasta 60 c° MEDIDA DISPONIBLE : 140 mm
e05d3b19-991b-4437-a0dc-349dfe02ea0c,img:buje-reduccion-corto-hembra-hembra-pn16,PN16,Buje reducción corto hembra-hembra (PN16),buje-reduccion-corto-hembra-hembra-pn16,ada680ba-9c5e-4b51-9441-bef501040fd1,,https://surerain.com/catalogo?producto=buje-reduccion-corto-hembra-hembra-pn16,1,8429f1dc157885ba8592371a56d4ff68d3730557677acaa7cd6cf7c0cf8dd9a9,2026-08-13T22:03:34.454Z,2026-08-13T22:15:34.706Z,"CARACTERÍSTICAS : -Material: PVC -Presión máxima de trabajo: PN 16 -Color: Gris -Utilizado con agua fría o caliente -Ideal para uso agropecuario y domiciliario -Temperatura de trabajo: 6 c° hasta 60 c° MEDIDAS DISPONIBLES : 75×63, 90×75, 110×90, 140×110, 160×140, 200×160"
129b8f23-c219-443b-b3ba-eb625325e52f,img:manguito-rosca-macho-pn16,PN16,Manguito rosca macho (PN16),manguito-rosca-macho-pn16,ada680ba-9c5e-4b51-9441-bef501040fd1,,https://surerain.com/catalogo?producto=manguito-rosca-macho-pn16,1,9565914f37ce6abd7a98fc694584c70f7654a3cfdf34d04152ef0b260bc1b3ce,2026-08-13T22:03:34.454Z,2026-08-13T22:15:34.706Z,"CARACTERÍSTICAS : -Material: PVC -Presión máxima de trabajo: PN 16 -Color: Gris -Utilizado con agua fría o caliente -Ideal para uso agropecuario y domiciliario -Temperatura de trabajo: 6 c° hasta 60 c° MEDIDAS DISPONIBLES : 25x32x3/4”, 32x40x1”, 40x50x1”, 40x50x1 ½”, 40x50x1 ¼”, 40×1 ½”,  50x63x1 ½”…"
69201e9c-bb6c-44e9-90e8-9cc6776e6e46,img:union-alfa-rapid-plastica-victaulica,,Unión alfa rapid-plástica (victaulica),union-alfa-rapid-plastica-victaulica,14b4f623-921c-43d0-84bd-6c67fca9e625,,https://surerain.com/catalogo?producto=union-alfa-rapid-plastica-victaulica,1,b973e16c261e0940b61ac15f0cc4de5c235970ca7060771f98c9b3863fcc8b93,2026-08-13T22:03:34.454Z,2026-08-13T22:15:34.706Z,Unión alfa rapid-plástica (victaulica) 2″ ALFA AR 1710-2 Unión alfa rapid-plástica (victaulica) 3″ ALFA AR 1710-3 Unión alfa rapid-plástica (victaulica) 4″ ALFA AR 1710-4
c3cab184-45d3-40af-91d5-a6fb0c9741d5,img:conector-para-unir-tuberia,,Conector para microtubo flexible,conector-para-microtubo-flexible,e61d87b4-93df-4d0c-afed-89835b844de1,,https://surerain.com/catalogo?producto=conector-para-microtubo-flexible,1,990b7b3a7cf8a3919edd40f0c18c79c0ea7dfbdab62e12540bd9e52d64d429a9,2026-08-13T22:03:34.454Z,2026-08-13T22:15:34.706Z,"Conector para unir tubería de 4 mm (microtubo), o tubería de Polietileno (16 mm ó 20 mm) con tubería de 4 mm (microtubo)."
0c2ece3d-f97a-49cf-9a95-7d1c0a9d587b,img:aro-de-goma,,Aro de goma,aro-de-goma,e0067f9c-ccf7-43d9-aaee-8343b8a67aed,,https://surerain.com/catalogo?producto=aro-de-goma,1,ef84e80c02d739b3e18d7cf019963a27f3829d1cd085f5bd7d07b2f08b507f24,2026-08-13T22:03:34.454Z,2026-08-13T22:15:34.706Z,Medidas : Ø63 cód. ACYO0AROGOMA063 Ø75 cód. ACYO0AROGOMA075 Ø90 cód. ACYO0AROGOMA090 Ø110 cód. ACYO0AROGOMA110 Ø160 cód. ACYO0AROGOMA160 Ø200 cód. ACYO0AROGOMA200 Ø250 cód. ACYO0AROGOMA250 Ø315 cód. ACYO0AROGOMA315
d6881602-8890-408e-a2ee-718a7c224b03,img:junta-de-reparacion-era,,Junta de reparación ERA,junta-de-reparacion-era,e0067f9c-ccf7-43d9-aaee-8343b8a67aed,,https://surerain.com/catalogo?producto=junta-de-reparacion-era,1,d7ad418188b765d64c61040a0dedf30dcbb0a8a5e1301c06e189f56234a462c8,2026-08-13T22:03:34.454Z,2026-08-13T22:15:34.706Z,Especificaciones técnicas: – Material: PVC – Descripción: junta de reparación para conexiones de tuberías dañadas o mantenimiento de sistemas existentes. – Tipo de conexión: H-H – Color: Gris. – Temperatura máxima de operación: 60 °C – Presión de trabajo: PN10 – 10 Bar. Medidas disponibles : 110 mm – 160 mm – 200 mm – 250 mm – 315 mm
61b410b5-1d50-4ae4-905c-94faf3f6448c,img:brida,,Brida,brida,e0067f9c-ccf7-43d9-aaee-8343b8a67aed,,https://surerain.com/catalogo?producto=brida,1,0697a9a9cc3b2fd67e1f576d499a7f62354c613b5fac05303677429abd38e124,2026-08-13T22:03:34.454Z,2026-08-13T22:15:34.706Z,"CARACTERÍSTICAS: – Material: PEAD – Presión máxima de trabajo: PN 16 – Color: Negro – Ideal para tuberías de agua, tuberías de gas, tuberías de alcantarillado, líneas de transferencia de lodos, riego rural, conductos eléctricos y de comunicaciones."
a5b7eee7-0909-49b3-b2ec-4e9e9b0642a9,img:cupla,,Cupla,cupla,e0067f9c-ccf7-43d9-aaee-8343b8a67aed,,https://surerain.com/catalogo?producto=cupla,1,51fa3138ec47f7c1637bafd3026503d634308be8381394ac32c93a316e7c0770,2026-08-13T22:03:34.454Z,2026-08-13T22:15:34.706Z,"CARACTERÍSTICAS: – Material: PEAD – Presión máxima de trabajo: PN 16 – Color: Negro – Ideal para tuberías de agua, tuberías de gas, tuberías de alcantarillado, líneas de transferencia de lodos, riego rural, conductos eléctricos y de comunicaciones."
bf6222d5-ab78-432c-84e1-1f139c68fd6b,img:cupla-de-reduccion,,Cupla de Reducción,cupla-de-reduccion,e0067f9c-ccf7-43d9-aaee-8343b8a67aed,,https://surerain.com/catalogo?producto=cupla-de-reduccion,1,38e6e7f43ecb23434cd310aa16f65190d8c3cc6d8ac96012f44a3cda522d9384,2026-08-13T22:03:34.454Z,2026-08-13T22:15:34.706Z,"CARACTERÍSTICAS: – Material: PEAD – Presión máxima de trabajo: PN 16 – Color: Negro – Ideal para tuberías de agua, tuberías de gas, tuberías de alcantarillado, líneas de transferencia de lodos, riego rural, conductos eléctricos y de comunicaciones."
e2d99230-423c-4f1d-8554-c432dec86590,img:codo-90,,Codo 90°,codo-90,e0067f9c-ccf7-43d9-aaee-8343b8a67aed,,https://surerain.com/catalogo?producto=codo-90,1,6cab746e9d5f34b164429fe12686bf328753490dcc0cf0eab26432e42042961e,2026-08-13T22:03:34.454Z,2026-08-13T22:15:34.706Z,"CARACTERÍSTICAS: – Material: PEAD – Presión máxima de trabajo: PN 16 – Color: Negro – Ideal para tuberías de agua, tuberías de gas, tuberías de alcantarillado, líneas de transferencia de lodos, riego rural, conductos eléctricos y de comunicaciones."
a9652217-7ca6-4ed4-b033-abb7742a1600,img:codo-45,,Codo 45°,codo-45,e0067f9c-ccf7-43d9-aaee-8343b8a67aed,,https://surerain.com/catalogo?producto=codo-45,1,fcb4a12ce6ef56c7f88517a87ea70725e89a8c4721e7ce9f93e4a082d21a6ebe,2026-08-13T22:03:34.454Z,2026-08-13T22:15:34.706Z,"CARACTERÍSTICAS: – Material: PEAD – Presión máxima de trabajo: PN 16 – Color: Negro – Ideal para tuberías de agua, tuberías de gas, tuberías de alcantarillado, líneas de transferencia de lodos, riego rural, conductos eléctricos y de comunicaciones."
d150398e-33b1-40f2-ad52-1ef33e1dbde6,img:te-de-90,,Te de 90°,te-de-90,e0067f9c-ccf7-43d9-aaee-8343b8a67aed,,https://surerain.com/catalogo?producto=te-de-90,1,89f52981c0a914cb855f25c22543f5ba78b7073d78e6909445744d49d2b4cb51,2026-08-13T22:03:34.454Z,2026-08-13T22:15:34.706Z,"CARACTERÍSTICAS: – Material: PEAD – Presión máxima de trabajo: PN 16 – Color: Negro – Ideal para tuberías de agua, tuberías de gas, tuberías de alcantarillado, líneas de transferencia de lodos, riego rural, conductos eléctricos y de comunicaciones."
e39ed5ed-9d92-4309-81af-52ca97a5f18e,img:tapa,,Tapa,tapa,e0067f9c-ccf7-43d9-aaee-8343b8a67aed,,https://surerain.com/catalogo?producto=tapa,1,721fa601c7192b5487b4ea5f32a5a81a45945dbeea8f4bc2932feaf2e06483fb,2026-08-13T22:03:34.454Z,2026-08-13T22:15:34.706Z,"CARACTERÍSTICAS: – Material: PEAD – Presión máxima de trabajo: PN 16 – Color: Negro – Ideal para tuberías de agua, tuberías de gas, tuberías de alcantarillado, líneas de transferencia de lodos, riego rural, conductos eléctricos y de comunicaciones."
1fbd87af-2f77-44a8-9ab6-255ca92783e3,img:cruces-de-pvc,,Cruces de PVC,cruces-de-pvc,ada680ba-9c5e-4b51-9441-bef501040fd1,,https://surerain.com/catalogo?producto=cruces-de-pvc,1,ae7b5090ef4d73026bfca58bfa44666eda549cdf0977d9f659103562c937bdf8,2026-08-13T22:03:34.454Z,2026-08-13T22:15:34.706Z,CARACTERÍSTICAS : -Material: PVC -Presión máxima de trabajo: PN 10 -Color: Gris -Utilizado con agua fría o caliente -Ideal para uso agropecuario y domiciliario -Temperatura de trabajo: 6 c° hasta 60 c° MEDIDAS DISPONIBLES : 32 MM 40 MM
d072a827-938d-44ea-ac37-7997d167477c,img:inyector-de-fertilizante-tipo-venturi,,Inyector de fertilizante tipo venturi,inyector-de-fertilizante-tipo-venturi,ada680ba-9c5e-4b51-9441-bef501040fd1,,https://surerain.com/catalogo?producto=inyector-de-fertilizante-tipo-venturi,1,a405c112504c9b82b1a6440f76587bd5b4ed7291d4b702edcdcee11e15ac36c7,2026-08-13T22:03:34.454Z,2026-08-13T22:15:34.706Z,DESCRIPCIÓN TÉCNICA: Disponibles en ¾” y 1”. APLICACIONES: – Utilizado en aplicación de fertilizantes y productos químicos en diversos cultivos.
2c7d87dd-0265-42ba-9a75-b21c70210d45,img:inyector-de-fertilizante-venturi-con-kit-3-4-y-1,,Inyector de Fertilizante Venturi con Kit 3/4″ y 1″,inyector-de-fertilizante-venturi-con-kit-3-4-y-1,ada680ba-9c5e-4b51-9441-bef501040fd1,,https://surerain.com/catalogo?producto=inyector-de-fertilizante-venturi-con-kit-3-4-y-1,1,b709832eccd9ecc1cad07aff264e9d93f238ab4ccad0a482bb8c1e234628e50e,2026-08-13T22:03:34.454Z,2026-08-13T22:15:34.706Z,Inyector de Fertilizante Venturi con Kit 3/4″ Cód. ACGR006510.000B Inyector de Fertilizante venturi con Kit 1″ Cód. ACGR006510.000C
058b15b9-4e28-4914-81d7-ac0e1aa5ea8f,img:inyectores-de-fertilizantes-venturi-alfa,,Inyectores de Fertilizantes Venturi Alfa,inyectores-de-fertilizantes-venturi-alfa,14b4f623-921c-43d0-84bd-6c67fca9e625,,https://surerain.com/catalogo?producto=inyectores-de-fertilizantes-venturi-alfa,1,57ff44e022c3c2ac3fddf932f79458c5af81f9131018f08980a70d0f24809d99,2026-08-13T22:03:34.454Z,2026-08-13T22:15:34.706Z,"CARACTERÍSTICAS: – Confeccionado en material de alta calidad, resistente a la mayoría de los químicos utilizados como fertilizante. – Libre de mantenimiento. – No requiere energía eléctrica, funciona por un diferencial de presión entre la entrada y la salida del Venturi."
b656eba7-d7ab-40c2-8120-b590fa560b52,img:conector-inicial-con-aro-de-goma-recto,,Conector inicial con aro de goma recto,conector-inicial-con-aro-de-goma-recto,14b4f623-921c-43d0-84bd-6c67fca9e625,,https://surerain.com/catalogo?producto=conector-inicial-con-aro-de-goma-recto,1,6e06085eb586080f446d8a1f997f11667619a9a0c155ceaf90c4ba1c50e8bfed,2026-08-13T22:03:34.454Z,2026-08-13T22:15:34.706Z,Conector inicial con aro de goma recto para tubería de polietileno a PE o PVC Diámetro: 16 mm (ACIR0II.DRU.160) 20 mm (ACIR0II.DRU.200)
ac85c2f2-8f16-4ff6-b047-0bb502b8c85f,img:conector-inicial-con-aro-de-goma-bilabiado-2,,Conector inicial con aro de goma bilabiado,conector-inicial-con-aro-de-goma-bilabiado,14b4f623-921c-43d0-84bd-6c67fca9e625,,https://surerain.com/catalogo?producto=conector-inicial-con-aro-de-goma-bilabiado,1,ad22cf9a82bc6e37d50e1365c737e2df2d490023d6a48f468d94b13e831a35d1,2026-08-13T22:03:34.454Z,2026-08-13T22:15:34.706Z,Conector inicial con aro de goma bilabiado para tubería de polietileno a PE o PVC Diámetro: 16 mm (ACIR0II.DGU.160) 20 mm (ACIR0II.DGU.200)
c9c021b2-aea8-46a1-bac5-8b8196329ea7,img:conector-inicial-con-aro-de-goma-bilabiado-3,,Conector inicial con aro de goma bilabiado,conector-inicial-con-aro-de-goma-bilabiado-conector-inicial-con-aro-de-goma-bilabiado-3,685b5af8-1763-42ee-83fe-4a9ff9da0223,,https://surerain.com/catalogo?producto=conector-inicial-con-aro-de-goma-bilabiado,1,9df69a0d37cb2c8db447ecb4ef3463c6e1f53e4e3c8a70b1dce79f9d5cde30a9,2026-08-13T22:03:34.454Z,2026-08-13T22:15:34.706Z,Conector inicial con aro de goma bilabiado para tubería de polietileno a PE o PVC Diámetro: 16 mm (ACIR00000OP116R) 20 mm (ACIR00000OP120R)
b4da2f53-da06-4c2e-ae9f-066f24d31d93,img:conector-inicial-con-aro-de-goma-recto-2,,Conector inicial con aro de goma recto,conector-inicial-con-aro-de-goma-recto-conector-inicial-con-aro-de-goma-recto-2,685b5af8-1763-42ee-83fe-4a9ff9da0223,,https://surerain.com/catalogo?producto=conector-inicial-con-aro-de-goma-recto,1,50dd8567affe96e06b5646119e6789f869349cadc1ca9f8ba78ec0873d7a1340,2026-08-13T22:03:34.454Z,2026-08-13T22:15:34.706Z,Conector inicial con aro de goma recto para tubería de polietileno a PE o PVC Diámetro: 16 mm (ACIR00000OP116D)
95556139-d76e-4b0f-a82a-26339256b581,img:conector-inicial-con-aro-de-goma-bilabiado,,Conector inicial con aro de goma bilabiado,conector-inicial-con-aro-de-goma-bilabiado-conector-inicial-con-aro-de-goma-bilabiado,685b5af8-1763-42ee-83fe-4a9ff9da0223,,https://surerain.com/catalogo?producto=conector-inicial-con-aro-de-goma-bilabiado,1,6de126c2c2dcffcaa731529202d968e1a9e2988b3b4a43918d515893fc12e03f,2026-08-13T22:03:34.454Z,2026-08-13T22:15:34.706Z,Conector inicial con aro de goma bilabiado para tubería de polietileno a PE o PVC Diámetro: 16 mm y 20 mm (ACPO00000015842)
675993d3-67fa-4bbf-8fce-3833eb79ff6a,img:t-rosca-hembra-para-polietileno-de-alta-densidad,,T rosca hembra para polietileno de alta densidad,t-rosca-hembra-para-polietileno-de-alta-densidad,ada680ba-9c5e-4b51-9441-bef501040fd1,,https://surerain.com/catalogo?producto=t-rosca-hembra-para-polietileno-de-alta-densidad,1,aa7299d6d4f1ecde86497135adb577d8f4199117bf79abba63866b2009a7dca1,2026-08-13T22:03:34.454Z,2026-08-13T22:15:34.706Z,CARACTERÍSTICAS GENERALES: – Confeccionados en Polipropileno. – Presión máxima de trabajo a 20°c.; 10 Bar (PN 10)
8eb339e1-6c8f-4b12-9542-507673236131,img:te-rosca-macho-para-polietileno-de-alta-densidad,,T rosca macho para polietileno de alta densidad,t-rosca-macho-para-polietileno-de-alta-densidad,ada680ba-9c5e-4b51-9441-bef501040fd1,,https://surerain.com/catalogo?producto=t-rosca-macho-para-polietileno-de-alta-densidad,1,e49d73bc5284118256ec25a4b6efcf298993105b91b5d26eb2a6c2dd3433a2c9,2026-08-13T22:03:34.454Z,2026-08-13T22:15:34.706Z,CARACTERÍSTICAS GENERALES: – Confeccionados en Polipropileno. – Presión máxima de trabajo a 20°c.; 10 Bar (PN 10)
e8a2e4df-606b-4d30-a2d7-4c024ff940c6,img:union-para-polietileno-de-alta-densidad,,Unión para polietileno de alta densidad,union-para-polietileno-de-alta-densidad,ada680ba-9c5e-4b51-9441-bef501040fd1,,https://surerain.com/catalogo?producto=union-para-polietileno-de-alta-densidad,1,ff50af1b5ab88c1f3f6d4a4ed86d35ab0d49a59150f1f4fc7d683c3b3e33c30e,2026-08-13T22:03:34.454Z,2026-08-13T22:15:34.706Z,CARACTERÍSTICAS GENERALES: – Confeccionados en Polipropileno. – Presión máxima de trabajo a 20°c.; 10 Bar (PN 10)
80b50bd0-9a5d-462d-b4fa-68cd47208c20,img:reduccion-para-polietileno-de-alta-densidad,,Reducción polietileno de alta densidad,reduccion-polietileno-de-alta-densidad,ada680ba-9c5e-4b51-9441-bef501040fd1,,https://surerain.com/catalogo?producto=reduccion-polietileno-de-alta-densidad,1,6abf66ee875955cd3eab78ae8bddf270fe1d11a09e059aedbb3f0a569b88dc3f,2026-08-13T22:03:34.454Z,2026-08-13T22:15:34.706Z,CARACTERÍSTICAS GENERALES: – Confeccionados en Polipropileno. – Presión máxima de trabajo a 20°c.; 10 Bar (PN 10)
8dcff040-4bb3-4d4b-82b2-d9b24fde4455,img:codo-de-90-para-polietileno-de-alta-densidad,,Codo 90° para polietileno de alta densidad,codo-90-para-polietileno-de-alta-densidad,ada680ba-9c5e-4b51-9441-bef501040fd1,,https://surerain.com/catalogo?producto=codo-90-para-polietileno-de-alta-densidad,1,c0acf77bdd0536d1b5324a84f523f863c7547c19f6545a1b08a3ed969570348d,2026-08-13T22:03:34.454Z,2026-08-13T22:15:34.706Z,CARACTERÍSTICAS GENERALES: – Confeccionados en Polipropileno. – Presión máxima de trabajo a 20°c.; 10 Bar (PN 10)
8c9ba628-a5d0-44e2-b251-d2f91ee64a07,img:te-para-polietileno-de-alta-densidad,,T para polietileno de alta densidad,t-para-polietileno-de-alta-densidad,ada680ba-9c5e-4b51-9441-bef501040fd1,,https://surerain.com/catalogo?producto=t-para-polietileno-de-alta-densidad,1,71f820b1a81104457fd9c03f585fd21f5076756727d30a6cfbc498c427ad345c,2026-08-13T22:03:34.454Z,2026-08-13T22:15:34.706Z,CARACTERÍSTICAS GENERALES: – Confeccionados en Polipropileno. – Presión máxima de trabajo a 20°c.; 10 Bar (PN 10)
2adf106c-83d6-4ad9-b0b9-f97a913bef2c,img:final-de-linea-para-polietileno-de-alta-densidad,,Final de línea polietileno de alta densidad,final-de-linea-polietileno-de-alta-densidad,ada680ba-9c5e-4b51-9441-bef501040fd1,,https://surerain.com/catalogo?producto=final-de-linea-polietileno-de-alta-densidad,1,b82737d91284c308677da5eee40be7d95302b5d3e6301fbd32a49f58346fbc1a,2026-08-13T22:03:34.454Z,2026-08-13T22:15:34.706Z,CARACTERÍSTICAS GENERALES: – Confeccionados en Polipropileno. – Presión máxima de trabajo a 20°c.; 10 Bar (PN 10)
d4b2d584-2a48-4bd3-b686-083b4e42be06,img:union-para-polietileno-de-alta-densidad-2,,Unión para polietileno de alta densidad,union-para-polietileno-de-alta-densidad-union-para-polietileno-de-alta-densidad-2,14b4f623-921c-43d0-84bd-6c67fca9e625,,https://surerain.com/catalogo?producto=union-para-polietileno-de-alta-densidad,1,88add953aa12404e200f5cdac0c4acb5684f565d3f46c47e2c0a0499fea9444d,2026-08-13T22:03:34.454Z,2026-08-13T22:15:34.706Z,
fdb4b331-9367-41f1-8583-6b13409c104d,img:reduccion-para-polietileno-de-alta-densidad-2,,Reducción polietileno de alta densidad,reduccion-polietileno-de-alta-densidad-reduccion-para-polietileno-de-alta-densidad-2,14b4f623-921c-43d0-84bd-6c67fca9e625,,https://surerain.com/catalogo?producto=reduccion-polietileno-de-alta-densidad,1,aa5b7a3cd97ea17643d03ba8807f39eb300a778a44457bf7276fc0f1b835736d,2026-08-13T22:03:34.454Z,2026-08-13T22:15:34.706Z,
5083e786-6d34-420b-a45c-6bbb8718b7b1,img:codo-de-90-para-polietileno-de-alta-densidad-2,,Codo 90° para polietileno de alta densidad,codo-90-para-polietileno-de-alta-densidad-codo-de-90-para-polietileno-de-alta-densidad-2,14b4f623-921c-43d0-84bd-6c67fca9e625,,https://surerain.com/catalogo?producto=codo-90-para-polietileno-de-alta-densidad,1,9b2d600714047124bb91049a9dbd512b937922d66767e60c3627a970bf70bb0a,2026-08-13T22:03:34.454Z,2026-08-13T22:15:34.706Z,
734a61ce-3c2a-4fcb-b41b-65420a7b6b04,img:codo-de-90-para-polietileno-de-alta-densidad-copia,,T para polietileno de alta densidad,t-para-polietileno-de-alta-densidad-codo-de-90-para-polietileno-de-alta-densidad-copia,14b4f623-921c-43d0-84bd-6c67fca9e625,,https://surerain.com/catalogo?producto=t-para-polietileno-de-alta-densidad,1,ea4b2035f23a3f2c6ba9e2adab443ddee705ad7860adf8c6684eb344ac5f5032,2026-08-13T22:03:34.454Z,2026-08-13T22:15:34.706Z,
5464f61b-e3ca-4155-9fe6-51a40d039008,img:final-de-linea-para-polietileno-de-alta-densidad-2,,Final de línea polietileno de alta densidad,final-de-linea-polietileno-de-alta-densidad-final-de-linea-para-polietileno-de-alta-densidad-2,14b4f623-921c-43d0-84bd-6c67fca9e625,,https://surerain.com/catalogo?producto=final-de-linea-polietileno-de-alta-densidad,1,04de94c45c51c693069fa8acceeb342b8a538da1ff59e3e1f65db2f34c7efb36,2026-08-13T22:03:34.454Z,2026-08-13T22:15:34.706Z,
5f7c0979-401d-4f0c-8d2e-28dfa5c6707a,img:estaca-para-tuberia-16mm-y-20mm,,Estaca para tubería 16mm y 20mm,estaca-para-tuberia-16mm-y-20mm,14b4f623-921c-43d0-84bd-6c67fca9e625,,https://surerain.com/catalogo?producto=estaca-para-tuberia-16mm-y-20mm,1,19a2eb720a28e080df784d5eb430f888a12a57b598840e54e60fdea0a9217e8b,2026-08-13T22:03:34.454Z,2026-08-13T22:15:34.706Z,Estaca para tubería 16mm y 20mm Cód. ACGR009030.0020
5be1eb3b-2b3a-44da-8a71-950a559ca047,img:conector-espiga-espiga-reforzado,,Conector espiga – espiga reforzado,conector-espiga-espiga-reforzado,e61d87b4-93df-4d0c-afed-89835b844de1,,https://surerain.com/catalogo?producto=conector-espiga-espiga-reforzado,1,444c64e8c9cdd7d638eecf09b663c4a27e8ac819af30498c3d02549687a66fc4,2026-08-13T22:03:34.454Z,2026-08-13T22:15:34.706Z,Conector espiga – espiga reforzado Diámetro: 16×12 mm (ACIR0IE.RC11612) 16×16 mm (ACIR0IEP.830.160) 17×17 mm (ACIR0IEP.830.170) 20×20 mm (ACIR0IEP.830.200) 20×16 mm (ACIR0IP.603.20A)
814e309f-b12b-4acd-8fa8-3a942db62044,img:codo-espiga-x-rosca-macho,,Codo espiga x rosca macho,codo-espiga-x-rosca-macho,e61d87b4-93df-4d0c-afed-89835b844de1,,https://surerain.com/catalogo?producto=codo-espiga-x-rosca-macho,1,3637a38123eb12ca75207c0b1517b313f02be778fa791e006b60868cc7b60d95,2026-08-13T22:03:34.454Z,2026-08-13T22:15:34.706Z,Codo espiga x rosca macho Diámetro: 16 mm x 1/2” (ACIR0IP.641.16B) 16 mm x 3/4” (ACIR0IP.641.16C) 20 mm x 1/2” (ACIR0IP.641.20B) 20 mm x 3/4” (ACIR0IP.641.20C)
2ae2c737-6de0-4f47-a872-72251eeaa62a,img:t-espiga-x-espiga-x-espiga-2,,T espiga x espiga x espiga,t-espiga-x-espiga-x-espiga,e61d87b4-93df-4d0c-afed-89835b844de1,,https://surerain.com/catalogo?producto=t-espiga-x-espiga-x-espiga,1,c17cf165d86a3f3642359db207e1cf11fd6c392cd2511893b8c77dd1dd184be8,2026-08-13T22:03:34.454Z,2026-08-13T22:15:34.706Z,T espiga x espiga x espiga Diámetro: 16x16x16 mm (ACIR0IP.606.160) 20x20x20 mm (ACIR0IP.606.200) 16x20x16 mm (ACIR0IP.616.16B)
9d2bc95b-ec9d-4b2f-8b46-8dba421bc560,img:t-espiga-x-rosca-macho-x-espiga,,T espiga x rosca macho x espiga,t-espiga-x-rosca-macho-x-espiga,e61d87b4-93df-4d0c-afed-89835b844de1,,https://surerain.com/catalogo?producto=t-espiga-x-rosca-macho-x-espiga,1,3c40124ce7f881f466e78cb0fb2530f6e6bce77afea7bbc1e86fd40ab779569d,2026-08-13T22:03:34.454Z,2026-08-13T22:15:34.706Z,T espiga x rosca macho x espiga Diámetro: 16 mm x 1/2” X 16 mm (ACPL006120.016C) 16 mm x 3/4” X 16 mm (ACPL006120.016D) 20 mm x 1/2” x 20 mm (ACPL006120.020C) 20 mm x 3/4” x 20 mm (ACPL006120.020D)
2fb087b0-1468-4c98-a594-784e695b06f2,img:codo-espiga-x-espiga,,Codo espiga x espiga,codo-espiga-x-espiga,e61d87b4-93df-4d0c-afed-89835b844de1,,https://surerain.com/catalogo?producto=codo-espiga-x-espiga,1,f75aeb214cb4e9524d77e0e90b5ea1e5148a7308366767e1139f35dcf16e11e4,2026-08-13T22:03:34.454Z,2026-08-13T22:15:34.706Z,Codo espiga x espiga Diámetro: 16×16 mm (ACIR0IP.640.160) 20×20 mm (ACIR0IP.640.200)
85458505-bf8e-4bf3-b952-f1cfa933dccc,img:manguito-roscado-macho,,Manguito roscado macho,manguito-roscado-macho,e61d87b4-93df-4d0c-afed-89835b844de1,,https://surerain.com/catalogo?producto=manguito-roscado-macho,1,c3b2511ddb0699e07a37d8e81b032167d7834b2645c5bd7f3b591c2a9f8b5ae8,2026-08-13T22:03:34.454Z,2026-08-13T22:15:34.706Z,Manguito roscado macho Diámetro: 16 mm x 1/2” (ACPL006020.016C) 16 mm x 3/4” (ACIR0IP.302.16C) 20 mm x 1/2” (ACPL006020.020C) 20 mm x 3/4” (ACIR0IP.302.20C)
2883c75d-24df-4f36-90bc-4f132c3982ad,img:codo-roscado-para-polietileno-de-alta-densidad,,Codo roscado para PEAD,codo-roscado-para-pead,ada680ba-9c5e-4b51-9441-bef501040fd1,,https://surerain.com/catalogo?producto=codo-roscado-para-pead,1,bee7ed2f2cb9fd09058694fb3671383115094537dd9ffa1131ffbed9a4c8bbbd,2026-08-13T22:03:34.454Z,2026-08-13T22:15:34.706Z,
f1634331-23da-46c2-82ee-7d7ac9333ba5,img:codo-roscado-para-polietileno-de-alta-densidad-2,,Codo roscado para PEAD,codo-roscado-para-pead-codo-roscado-para-polietileno-de-alta-densidad-2,14b4f623-921c-43d0-84bd-6c67fca9e625,,https://surerain.com/catalogo?producto=codo-roscado-para-pead,1,7b83943b0c92a22f5200ca6283742f918a42fbc2453484dec911a88467da9be6,2026-08-13T22:03:34.454Z,2026-08-13T22:15:34.706Z,
b56b8faf-6c15-481f-9e87-4a4e1b2137dd,img:estaca-para-sujetar-tuberia-de-polietileno,,Estaca para sujetar tubería de polietileno,estaca-para-sujetar-tuberia-de-polietileno,e61d87b4-93df-4d0c-afed-89835b844de1,,https://surerain.com/catalogo?producto=estaca-para-sujetar-tuberia-de-polietileno,1,12dbefc148951357639bf614a8ba24f946142643fb00e968f5c6882ca0cb13a6,2026-08-13T22:03:34.454Z,2026-08-13T22:15:34.706Z,Estaca para sujetar tubería de polietileno. Diámetro: 16 mm (ACIR0II.PDL.160) 20 mm (ACIR0II.PDL.200)
7bf7f943-66d1-44c0-b1f9-837c07d8e302,img:llave-de-ajuste-p-conectores-pead,,Llave de ajuste para conectores PEAD,llave-de-ajuste-para-conectores-pead,14b4f623-921c-43d0-84bd-6c67fca9e625,,https://surerain.com/catalogo?producto=llave-de-ajuste-para-conectores-pead,1,0dc1919005765b82433e56eaa8b471ec6191f75a0a7239149306353424c85a5e,2026-08-13T22:03:34.454Z,2026-08-13T22:15:34.706Z,
340a059a-9e61-4edf-bb90-5dc3a3a0ff80,img:tapon-enmienda-error-4-y-6-mm,,Tapón enmienda error 4 y 6 mm,tapon-enmienda-error-4-y-6-mm,14b4f623-921c-43d0-84bd-6c67fca9e625,,https://surerain.com/catalogo?producto=tapon-enmienda-error-4-y-6-mm,1,2a06b04668d8b64ed0c8df7db9c29b59c54b435ba0b41393765a1bed216c3935,2026-08-13T22:03:34.454Z,2026-08-13T22:15:34.706Z,Tapón enmienda error 4mm ACGR002115.0004 Tapón enmienda error 6mm ACGR002115.0006
debdb9de-8ddf-46b4-a6e2-77bb6266a340,img:valvula-espiga-x-espiga,,Sacabocado 3 mm,sacabocado-3-mm,e61d87b4-93df-4d0c-afed-89835b844de1,,https://surerain.com/catalogo?producto=sacabocado-3-mm,1,680b5e8e437efb30c76d70469ea121d41046d6b3ece119ca13ab155d3d97eb7d,2026-08-13T22:03:34.454Z,2026-08-13T22:15:34.706Z,
f963a541-c2fc-495e-9526-5dd52a7176fa,img:sacabocado-13-mm,,Sacabocado 13 mm,sacabocado-13-mm,e61d87b4-93df-4d0c-afed-89835b844de1,,https://surerain.com/catalogo?producto=sacabocado-13-mm,1,2545c8dcf7a5ef675f05f50f46b5aa799d28a1dfa71edd53fcdc04f1ceb56b1d,2026-08-13T22:03:34.454Z,2026-08-13T22:15:34.706Z,Sacabocado 13 mm (ACER9501601-001)
c80a60e2-164e-4f98-b89f-90ecd9b8ddab,img:sacabocado-lay-flat,,Sacabocado Lay Flat,sacabocado-lay-flat,a4efa00d-ea65-478b-b6e7-dca9b95d2616,,https://surerain.com/catalogo?producto=sacabocado-lay-flat,1,c3689375b80b5243a22f5db36cb389979a7f2050e8c0199f9ccfd2a98529f369,2026-08-13T22:03:34.454Z,2026-08-13T22:15:34.706Z,– Medidas disponibles: 15mm y 17mm
fdda082f-5ff6-4549-b04f-e3e6373fe3a5,img:conector-lay-flat,,Conector Lay Flat,conector-lay-flat,e61d87b4-93df-4d0c-afed-89835b844de1,,https://surerain.com/catalogo?producto=conector-lay-flat,1,40c0e2dc577f760572d49c6b8b1bb49d814fbef2378ad7dfe5c4345b6b851d83,2026-08-13T22:03:34.454Z,2026-08-13T22:15:34.706Z,– Medidas disponibles: 1 1/2″; 2″; 3″; 4″
34624336-5d8d-46a8-9676-aaea20e3516b,img:conector-tipo-t,,Conector tipo T,conector-tipo-t,e61d87b4-93df-4d0c-afed-89835b844de1,,https://surerain.com/catalogo?producto=conector-tipo-t,1,b4f8e1e130986629801c94b260b1955a83a03f6267ee13cc06a2399650a73622,2026-08-13T22:03:34.454Z,2026-08-13T22:15:34.706Z,Conector tipo T para tubería de 3.5 mm (microtubo)
129784d4-b818-484b-b6f6-0724fa941c65,img:adaptador-rosca-macho-para-lay-flat,,Adaptador rosca macho para Lay Flat,adaptador-rosca-macho-para-lay-flat,e61d87b4-93df-4d0c-afed-89835b844de1,,https://surerain.com/catalogo?producto=adaptador-rosca-macho-para-lay-flat,1,d93829d0930d09bb78d3bb41f48b8215f86678612dccaf61e10db90c5dd43f78,2026-08-13T22:03:34.454Z,2026-08-13T22:15:34.706Z,"– Medidas disponibles: 2″ x RM 2″, 3″xRM 3″, 4″x RM 4″, 6″xRM 4″"
7849a8e8-1601-4bcb-b63d-1b636c627b91,img:adaptador-rosca-macho-para-lay-flat-2,,Adaptador rosca macho para Lay Flat,adaptador-rosca-macho-para-lay-flat-adaptador-rosca-macho-para-lay-flat-2,e61d87b4-93df-4d0c-afed-89835b844de1,,https://surerain.com/catalogo?producto=adaptador-rosca-macho-para-lay-flat,1,ad24564980cb7ad653351aba748f29579db90aa1822db6acc82a1b1b051cf24c,2026-08-13T22:03:34.454Z,2026-08-13T22:15:34.706Z,– Medidas disponibles: 1 1/2″ x RM 1 1/2″; 1 1/2″ x RM 2″; 2″ x RM 1 1/2″; 2″ x RM 2″; 3″x RM2″; 3″x RM3″; 4″ x RM 3″; 4″ x RM 4″
03385ca2-08c3-4e9c-9bdf-2ab33f162223,img:final-de-linea-para-lay-flat,,Final de línea para Lay Flat,final-de-linea-para-lay-flat,e61d87b4-93df-4d0c-afed-89835b844de1,,https://surerain.com/catalogo?producto=final-de-linea-para-lay-flat,1,f2f7008db09802572c5e1eda31ec0bc71347a0731bf032745ccd322eb2202d47,2026-08-13T22:03:34.454Z,2026-08-13T22:15:34.706Z,"– Medidas disponibles: 2″, 3″ y 4″"
1f381741-f68b-4bef-830f-b7015fd45a47,img:final-de-linea-tipo-8-2,,Final de línea tipo 8,final-de-linea-tipo-8,e61d87b4-93df-4d0c-afed-89835b844de1,,https://surerain.com/catalogo?producto=final-de-linea-tipo-8,1,94d21f05d1fa7480f590bad81d2a3119e2b9a1ae2a8f75e63b15500269911ed6,2026-08-13T22:03:34.454Z,2026-08-13T22:15:34.706Z,Final de línea tipo 8 Diámetro: 16 mm (ACIR0II.AFL.160) 20 mm (ACIR0II.AFL.200)
fc95ce91-96d5-41eb-b6ea-3e9c23dc220d,img:tapon-final-de-linea-2,,Tapón final de linea,tapon-final-de-linea,e61d87b4-93df-4d0c-afed-89835b844de1,,https://surerain.com/catalogo?producto=tapon-final-de-linea,1,9060c4e125344715f48d6ff65a6300c0562d9634832ce6ea104338e3c83f0bdd,2026-08-13T22:03:34.454Z,2026-08-13T22:15:34.706Z,Tapón final de linea Diámetro: 16 mm (ACPL006060.0160) 20 mm (ACPL006060.0200)
2cf647aa-6e49-41af-9629-b0cac75c0b57,img:rs-pw-2185,PW-2185,RS PW-2185,rs-pw-2185,502c1968-e603-4c9a-997c-a295179fde97,,https://surerain.com/catalogo?producto=rs-pw-2185,1,b493c5bbdecd8187c3cb58446458b0a43f897ea1b43305f1f810ebe26adb3035,2026-08-13T22:03:34.454Z,2026-08-13T22:15:34.706Z,"Conector 3/4″, rosca macho."
52126787-b053-4478-8cbc-bd1cde7ce88a,img:pw-2195-pw-2197,PW-2195,PW-2195 | PW-2197,pw-2195-pw-2197,502c1968-e603-4c9a-997c-a295179fde97,,https://surerain.com/catalogo?producto=pw-2195-pw-2197,1,556df9d2d22a3a562ff85b3e4c9ac4c00ca3dcec21b2b1b59d624e083cabe06c,2026-08-13T22:03:34.454Z,2026-08-13T22:15:34.706Z,Conector para canilla 3/4″ ó 1″ rosca hembra. SKU 3/4″: LHRS0PW-2195-00 SKU 1″: LHRS0PW-2197-00
03940eb6-7ca4-495b-b047-1e31b0903249,img:pw-2120-pw-2130,PW-2120,PW-2120 | PW-2130,pw-2120-pw-2130,502c1968-e603-4c9a-997c-a295179fde97,,https://surerain.com/catalogo?producto=pw-2120-pw-2130,1,8ef125bdd0278ec47c06514c2a3f51d52582fe15f4b524eb7ccda3f88ee0fa81,2026-08-13T22:03:34.454Z,2026-08-13T22:15:34.706Z,Conector rápido sin válvula de cierre para manguera de 1/2″ (2120) o de 3/4″ (2130). SKU 1/2″: LHRS0PW-2120-00 SKU 3/4″: LHRS0PW-2130-00
a2fcdd9b-e452-4481-a602-cf53f9723092,img:pw-2140-pw-2150,PW-2140,PW-2140 | PW-2150,pw-2140-pw-2150,502c1968-e603-4c9a-997c-a295179fde97,,https://surerain.com/catalogo?producto=pw-2140-pw-2150,1,d3b4de4bedf65d6c7111d4661a7d632467fab0759a9902bf6c51f8c47ef884e3,2026-08-13T22:03:34.454Z,2026-08-13T22:15:34.706Z,Conector rápido con válvula de cierre para manguera de 1/2″ (2140) o de 3/4″ (2150) SKU 1/2″: LHRS0PW-2140-00 SKU 3/4″: LHRS0PW-2150-00
0bd8f651-37da-4361-ac88-2a04531426e5,img:pw-2210,PW-2210,PW-2210,pw-2210,502c1968-e603-4c9a-997c-a295179fde97,,https://surerain.com/catalogo?producto=pw-2210,1,ac9dea1d9d745b5b8c7bafb56e3ed9b85d0a0179be75dfc5b1052bbc61a8da5b,2026-08-13T22:03:34.454Z,2026-08-13T22:15:34.706Z,Junta de 3 vías para acoples rápidos.
a75e8cee-d8d2-49d1-b599-cb720be63eea,img:pw-2100-pw-2110,PW-2100,PW-2100 | PW-2110,pw-2100-pw-2110,502c1968-e603-4c9a-997c-a295179fde97,,https://surerain.com/catalogo?producto=pw-2100-pw-2110,1,dcd15485010a26e44be992c2bd3301b3915ecc20a1b5b25f48b7daed1f42702f,2026-08-13T22:03:34.454Z,2026-08-13T22:15:34.706Z,Reparador para manguera de 1/2″ (2100) o de 3/4″ (2110) SKU 1/2″: LHRS0PW-2100-00 SKU 3/4″: LHRS0PW-2110-01
014b9d64-544b-44ca-9cc9-2220cb1784fc,img:pw-2200,PW-2200,PW-2200,pw-2200,502c1968-e603-4c9a-997c-a295179fde97,,https://surerain.com/catalogo?producto=pw-2200,1,a2b1c2253d7987cbfa63167303da55bc148172fde5584daf2436dc35f3f9363c,2026-08-13T22:03:34.454Z,2026-08-13T22:15:34.706Z,Junta para acoples rápidos.
22d30f18-cbff-4d3c-9c82-7187b499fc42,img:union-para-lay-flat,,Unión para Lay Flat,union-para-lay-flat,e61d87b4-93df-4d0c-afed-89835b844de1,,https://surerain.com/catalogo?producto=union-para-lay-flat,1,afe9e0d1eb3bee93e1460c4568764b7abd836ca2c92a75067cd0b1029f54c0e6,2026-08-13T22:03:34.454Z,2026-08-13T22:15:34.706Z,"– Medidas disponibles: 2″, 3″, 4″, 6″"
a5b514d4-7442-412a-bcb8-67f2c55e0cfa,img:reduccion-para-lay-flat,,Reducción para Lay Flat,reduccion-para-lay-flat,e61d87b4-93df-4d0c-afed-89835b844de1,,https://surerain.com/catalogo?producto=reduccion-para-lay-flat,1,c7694b0e9657faa4cf839dd689c6897e600b881a0e102b1bbd97b45768301f83,2026-08-13T22:03:34.454Z,2026-08-13T22:15:34.706Z,– Medidas disponibles: 2″x 1 1/2″; 3″x 2″; 4″ x3″
54c7a595-c944-4f82-85c3-a668b41dc56e,img:pw-2220,PW-2220,PW-2220,pw-2220,502c1968-e603-4c9a-997c-a295179fde97,,https://surerain.com/catalogo?producto=pw-2220,1,ea5f3c30dcb87af86dfa40560371b32de92692c244382a9a53ca421572c41be4,2026-08-13T22:03:34.454Z,2026-08-13T22:15:34.706Z,"Conector para canilla en «Y», 3/4″ rosca hembra con dos salidas."
47b7dc85-062a-4e57-8140-ddc2fd07693d,img:wi-2526,WI-25106,WI-25106,wi-25106,49e3383d-0b52-4d85-805c-4a1b7e56cf25,,https://surerain.com/catalogo?producto=wi-25106,1,d7bacb7dbf0b2cf166eb69569c4c1af1e1de7606c2423025d94634ad9ef82fb6,2026-08-13T22:03:34.454Z,2026-08-13T22:15:34.706Z,"Conector rosca macho 3/4″, espiga 3 secciones."
7672f0ab-c4dc-4980-84b1-cfd005315fe4,img:adaptador-rosca-hembra-para-polietileno-de-alta-densidad,,Adaptador rosca hembra para PEAD,adaptador-rosca-hembra-para-pead,ada680ba-9c5e-4b51-9441-bef501040fd1,,https://surerain.com/catalogo?producto=adaptador-rosca-hembra-para-pead,1,4005fdafe350fbcfa7e725600992bdd849b81041f751a8e7e1527dc9d6eb2b56,2026-08-13T22:03:34.454Z,2026-08-13T22:15:34.706Z,CARACTERÍSTICAS GENERALES: – Confeccionados en Polipropileno. – Presión máxima de trabajo a 20°c.; 10 Bar (PN 10)
cfb1c945-a77b-4ae3-998d-803bee07a290,img:adaptador-rosca-macho-para-polietileno-de-alta-densidad,,Adaptador rosca macho para PEAD,adaptador-rosca-macho-para-pead,ada680ba-9c5e-4b51-9441-bef501040fd1,,https://surerain.com/catalogo?producto=adaptador-rosca-macho-para-pead,1,bdde3e85fbdad60af99da05ba249837b0e88e7e555f7290e678fcef164a5981c,2026-08-13T22:03:34.454Z,2026-08-13T22:15:34.706Z,CARACTERÍSTICAS GENERALES: – Confeccionados en Polipropileno. – Presión máxima de trabajo a 20°c.; 10 Bar (PN 10)
ae1a5c26-21a5-4b5b-aafd-eb132d25097e,img:kit-de-succion,,Kit de Succión,kit-de-succion,ada680ba-9c5e-4b51-9441-bef501040fd1,,https://surerain.com/catalogo?producto=kit-de-succion,1,f2b3920d8afd2ead526e01bd4bc089279805ca65bf69db0518aac8de0380c6af,2026-08-13T22:03:34.454Z,2026-08-13T22:15:34.706Z,Disponibles en ¾” y 1”.
00b6d26d-f1f5-477c-aa4a-a0f26e1a1c5c,img:pead,,Adaptador rosca macho para PEAD,adaptador-rosca-macho-para-pead-pead,14b4f623-921c-43d0-84bd-6c67fca9e625,,https://surerain.com/catalogo?producto=adaptador-rosca-macho-para-pead,1,d9e467bc8b28b53d295c72dff776275ade81324cb85dce3f30518c588b3b0e86,2026-08-13T22:03:34.454Z,2026-08-13T22:15:34.706Z,
7bb03e95-a40e-4371-8572-eefbc51035ec,img:pw-3585,PW-3585,PW-3585,pw-3585,502c1968-e603-4c9a-997c-a295179fde97,,https://surerain.com/catalogo?producto=pw-3585,1,6df2e920d524dda5bc39b8717236cb7c448cd855cd2eed9d34f224010c4ad0d9,2026-08-13T22:03:34.454Z,2026-08-13T22:15:34.706Z,Estaca plástica con salida para conector rápido y rosca 1/2″ hembra para conexión del aspersor.
8d542f2c-5531-4af5-b3cd-881473622cd4,img:pw-3565,PW-3565,PW-3565,pw-3565,502c1968-e603-4c9a-997c-a295179fde97,,https://surerain.com/catalogo?producto=pw-3565,1,d072d04aaf013947239e70d099eceb3ef2c2b1ecb91e294a9c88f8089b18fd1e,2026-08-13T22:03:34.454Z,2026-08-13T22:15:34.706Z,Base plástica con salida para conector rápido y rosca 1/2″ hembra para conexión del aspersor.
c5a15391-d671-4f31-b3d3-6f645ec86afa,img:pw-4710-2,PW-4710,PW-4710,pw-4710,502c1968-e603-4c9a-997c-a295179fde97,,https://surerain.com/catalogo?producto=pw-4710,1,d0bdf02ec14b250e90231582b5cc5ae16adecc63215faf8bd8396a6673e74047,2026-08-13T22:03:34.454Z,2026-08-13T22:15:34.706Z,Lanza para manguera
561b15d1-8f66-4897-bed5-96d9763e492a,img:pw-4710,PW-4350,PW-4350,pw-4350,502c1968-e603-4c9a-997c-a295179fde97,,https://surerain.com/catalogo?producto=pw-4350,1,99ac54e2a56f8483ef1111a284dd68cdbd4818c1f3dd10ba958ebbb2e21a0218,2026-08-13T22:03:34.454Z,2026-08-13T22:15:34.706Z,Lanza para manguera tipo flor
d141cce3-79e4-48f5-9a3b-d55b1abab7bc,img:pw-4350,PW-4250,PW-4250,pw-4250,502c1968-e603-4c9a-997c-a295179fde97,,https://surerain.com/catalogo?producto=pw-4250,1,8cd52c3c142f89021ab0d75c812310a9acb47d8614486a2b0604452594e8f92a,2026-08-13T22:03:34.454Z,2026-08-13T22:15:34.706Z,Lanza para manguera 7 efectos
8fe916bb-1d7c-4529-a5cf-a4fffc4467c4,img:manguera-reforzada-anti-torsion,,Manguera para jardín reforzada (Anti-torsión),manguera-para-jardin-reforzada-anti-torsion,a4efa00d-ea65-478b-b6e7-dca9b95d2616,,https://surerain.com/catalogo?producto=manguera-para-jardin-reforzada-anti-torsion,1,77dc10de64fe78523fa8b1e96620d7544fbf3285ba68c0c2cd29bb9c501a1f09,2026-08-13T22:03:34.454Z,2026-08-13T22:15:34.706Z,"Características: – Material Principal: PVC y poliéster. – Fabricada en 4 capas – Diseño especializado y reforzado con poliéster, tejido anti – torsión, no inflado."
42ed1cd7-fc7f-42c4-8a42-ddcd9b8b8c2e,img:manguera-c-enrollador-y-accesorios-de-10-metros,,Manguera c/enrollador y accesorios de 10 Metros,manguera-c-enrollador-y-accesorios-de-10-metros,a4efa00d-ea65-478b-b6e7-dca9b95d2616,,https://surerain.com/catalogo?producto=manguera-c-enrollador-y-accesorios-de-10-metros,1,51d74c276d134c027f6ffc567ed9cb1caf03713180f47bdcdc4da608aad810d0,2026-08-13T22:03:34.454Z,2026-08-13T22:15:34.706Z,
1ac78b52-7f6a-4ab3-9415-0dfc244cccba,img:manguera-c-enrollador-y-accesorios-de-15-metros,,Manguera c/enrollador y accesorios de 15 Metros,manguera-c-enrollador-y-accesorios-de-15-metros,a4efa00d-ea65-478b-b6e7-dca9b95d2616,,https://surerain.com/catalogo?producto=manguera-c-enrollador-y-accesorios-de-15-metros,1,c71b301cae85bfd6dcca036447ade13bd874d006166618c3077e28bf33cd3ec6,2026-08-13T22:03:34.454Z,2026-08-13T22:15:34.706Z,
4a5f271e-5ff8-4b07-afd6-a8fbd0221d34,img:manguera-c-enrollador-y-accesorios-de-20-metros,,Manguera c/enrollador y accesorios de 20 Metros,manguera-c-enrollador-y-accesorios-de-20-metros,a4efa00d-ea65-478b-b6e7-dca9b95d2616,,https://surerain.com/catalogo?producto=manguera-c-enrollador-y-accesorios-de-20-metros,1,db757046e635e33aea62f838fa0941b5292aa4ecd920b42a960196ff9b171905,2026-08-13T22:03:34.454Z,2026-08-13T22:15:34.706Z,
45fb4aad-e73c-4b65-aa81-efe8468a76e1,img:manguera-c-enrollador-y-accesorios-de-50-metros,,Manguera c/enrollador y accesorios de 30 Metros,manguera-c-enrollador-y-accesorios-de-30-metros,a4efa00d-ea65-478b-b6e7-dca9b95d2616,,https://surerain.com/catalogo?producto=manguera-c-enrollador-y-accesorios-de-30-metros,1,389ab0d60e239947b31093a1cb2d3fd042e20052a9efd1744c5787d040309ef9,2026-08-13T22:03:34.454Z,2026-08-13T22:15:34.706Z,
6f20b1ba-71c1-46e4-8d41-2cb4d99fd6b5,img:manguera-standard,,Manguera para jardín,manguera-para-jardin,a4efa00d-ea65-478b-b6e7-dca9b95d2616,,https://surerain.com/catalogo?producto=manguera-para-jardin,1,37748fb1586035934ce8fcd58a571be518600004130d15337fc2a437abeebc8c,2026-08-13T22:03:34.454Z,2026-08-13T22:15:34.706Z,"Características: – Material principal: plástico ( PVC ) – Fabricada en 3 capas; La capa externa transparente, capa interior disponible en diferentes colores duraderos. – Temperatura : -5 ℃ a + 65 ℃ Principales usos: – Jardinería y otros usos domésticos."
a456df68-1e1a-4bff-b2e0-c56255e8ba78,img:wi-32100,WI-32100,WI-32100,wi-32100,49e3383d-0b52-4d85-805c-4a1b7e56cf25,,https://surerain.com/catalogo?producto=wi-32100,1,57cbaa7879b72ac3d5150ce0d706688405797c24ff6c4582bbfef3cdf33c49a7,2026-08-13T22:03:34.454Z,2026-08-13T22:15:34.706Z,Estaca plástica con salida para conector rápido y rosca 1/2″ hembra para conexión del aspersor.
9b451bdd-010c-41cb-a120-61da8a3d7bc2,img:wi-32120,WI-32120,WI-32120,wi-32120,49e3383d-0b52-4d85-805c-4a1b7e56cf25,,https://surerain.com/catalogo?producto=wi-32120,1,ea83d6f2c91eb52f5e2763e7774292b401b2fa9f8e0e604b936b4ba294e18c8b,2026-08-13T22:03:34.454Z,2026-08-13T22:15:34.706Z,Estaca metálica con salida 3/4″ rosca hembra y rosca 1/2″ para conexión del aspersor.
5e861259-a65c-4a56-9019-e48452ec9199,img:pw-4815,PW-4815,PW-4815,pw-4815,502c1968-e603-4c9a-997c-a295179fde97,,https://surerain.com/catalogo?producto=pw-4815,1,76701a0042fd19d123e6c08905a60b7be688a45eec7683c320fff538e7c3f2ab,2026-08-13T22:03:34.454Z,2026-08-13T22:15:34.706Z,Pistola plástica para manguera.
